1,0,23168,99,0,30000,1,0,0,0,0,0,0,0,0,0,0,0,0,0,0,1,0,18014598541772518,0,,
2,1,4570,11,0,30000,0,0,0,0,0,0,0,0,0,0,0,0,0,0,0,1,1,18014598541772518,0,,
1,2,45999,35,0,30000,1,0,0,0,0,0,0,0,0,0,0,0,0,0,0,1,2,18014598541772518,0,,
0,3,49244,31,0,30000,1,0,0,0,0,0,0,0,0,0,0,0,0,0,0,1,3,18014598541772518,0,,
1,4,4650,367,0,30000,0,0,0,0,0,0,0,0,0,0,0,0,0,0,0,1,4,18014598541772518,0,,
3,0,7569,36,0,30000,0,0,0,0,0,0,0,0,0,0,0,0,0,0,1,1,0,18014598541772518,0,,
1,1,41759,33,0,30000,0,15,0,0,0,0,10,0,0,0,0,0,0,0,1,1,1,18014598541772518,0,,
0,2,41772,61,0,30000,0,15,0,0,0,0,11,0,0,0,0,0,0,0,1,1,2,18014598541772518,0,,
0,3,41760,30,0,30000,0,16,0,0,0,0,10,0,0,0,0,0,0,0,1,1,3,18014598541772518,0,,
0,4,41773,31,0,30000,0,16,0,0,0,0,11,0,0,0,0,0,0,0,1,1,4,18014598541772518,0,,
0,5,41758,84,0,30000,0,14,0,0,0,0,10,0,0,0,0,0,0,0,1,1,5,18014598541772518,0,,
0,6,41771,16,0,30000,0,14,0,0,0,0,11,0,0,0,0,0,0,0,1,1,6,18014598541772518,0,,
0,7,41768,1,0,30000,0,24,0,0,0,0,10,0,0,0,0,0,0,0,1,1,7,18014598541772518,0,,
1,8,41781,3,0,30000,0,24,0,0,0,0,11,0,0,0,0,0,0,0,1,1,8,18014598541772518,0,,
0,9,41769,40,0,30000,0,25,0,0,0,0,10,0,0,0,0,0,0,0,1,1,9,18014598541772518,0,,
1,10,41782,44,0,30000,0,25,0,0,0,0,11,0,0,0,0,0,0,0,1,1,10,18014598541772518,0,,
0,11,41761,2,0,30000,0,17,0,0,0,0,10,0,0,0,0,0,0,0,1,1,11,18014598541772518,0,,
0,12,41757,2,0,30000,0,7,0,0,0,0,10,0,0,0,0,0,0,0,1,1,12,18014598541772518,0,,
2,13,7671,22,0,30000,0,0,0,0,0,0,0,0,0,0,0,0,0,0,1,1,13,18014598541772518,0,,
0,14,21800,1,0,30000,0,0,0,0,0,0,0,0,0,0,0,0,0,0,1,1,14,18014598541772518,0,,
0,15,13709,1,0,30000,0,0,0,0,0,0,0,0,0,0,0,0,0,0,1,1,15,18014598541772518,0,,
2,16,5111,6,0,30000,0,0,0,0,0,0,0,0,0,0,0,0,0,0,1,1,16,18014598541772518,0,,
0,17,5114,1,0,30000,0,0,0,0,0,0,0,0,0,0,0,0,0,0,1,1,17,18014598541772518,0,,
2,18,5115,176,0,30000,0,0,0,0,0,0,0,0,0,0,0,0,0,0,1,1,18,18014598541772518,0,,
1,19,5065,27,0,30000,1,0,0,0,0,0,0,0,0,0,0,0,0,0,1,1,19,18014598541772518,0,,
0,20,5065,4,0,30000,0,0,0,0,0,0,0,0,0,0,0,0,0,0,1,1,20,18014598541772518,0,,
1,21,19985,6,0,30000,0,0,0,0,0,0,0,0,0,0,0,0,0,0,1,1,21,18014598541772518,0,,
0,22,5359,269,0,30000,0,0,0,0,0,0,0,0,0,0,0,0,0,0,1,1,22,18014598541772518,0,,
1,23,20001,6,0,30000,0,0,0,0,0,0,0,0,0,0,0,0,0,0,1,1,23,18014598541772518,0,,
1,24,19920,12,0,30000,0,0,0,0,0,0,0,0,0,0,0,0,0,0,1,1,24,18014598541772518,0,,
1,25,19921,6,0,30000,0,0,0,0,0,0,0,0,0,0,0,0,0,0,1,1,25,18014598541772518,0,,
2,26,32007,1,0,30000,0,0,0,0,0,0,0,0,0,0,0,0,0,0,1,1,26,18014598541772518,0,,
3,27,32008,4,0,30000,0,0,0,0,0,0,0,0,0,0,0,0,0,0,1,1,27,18014598541772518,0,,
0,28,32005,1,0,30000,0,0,0,0,0,0,0,0,0,0,0,0,0,0,1,1,28,18014598541772518,0,,
0,29,32009,3,0,30000,0,0,0,0,0,0,0,0,0,0,0,0,0,0,1,1,29,18014598541772518,0,,
0,30,32006,2,0,30000,0,0,0,0,0,0,0,0,0,0,0,0,0,0,1,1,30,18014598541772518,0,,
0,31,32011,4,0,30000,0,0,0,0,0,0,0,0,0,0,0,0,0,0,1,1,31,18014598541772518,0,,
0,32,32010,1,0,30000,0,0,0,0,0,0,0,0,0,0,0,0,0,0,1,1,32,18014598541772518,0,,
0,33,32013,3,0,30000,0,0,0,0,0,0,0,0,0,0,0,0,0,0,1,1,33,18014598541772518,0,,
0,34,31983,80,0,30000,0,0,0,0,0,0,0,0,0,0,0,0,0,0,1,1,34,18014598541772518,0,,
0,0,31992,5,0,30000,0,0,0,0,0,0,0,0,0,0,0,0,0,0,2,1,0,18014598541772518,0,,
0,1,31963,325,0,30000,0,0,0,0,0,0,0,0,0,0,0,0,0,0,2,1,1,18014598541772518,0,,
0,2,31964,410,0,30000,0,0,0,0,0,0,0,0,0,0,0,0,0,0,2,1,2,18014598541772518,0,,
0,3,31968,255,0,30000,0,0,0,0,0,0,0,0,0,0,0,0,0,0,2,1,3,18014598541772518,0,,
0,4,31970,425,0,30000,0,0,0,0,0,0,0,0,0,0,0,0,0,0,2,1,4,18014598541772518,0,,
0,5,31986,40,0,30000,0,0,0,0,0,0,0,0,0,0,0,0,0,0,2,1,5,18014598541772518,0,,
0,6,31989,10,0,30000,0,0,0,0,0,0,0,0,0,0,0,0,0,0,2,1,6,18014598541772518,0,,
0,7,31990,30,0,30000,0,0,0,0,0,0,0,0,0,0,0,0,0,0,2,1,7,18014598541772518,0,,
0,8,31996,5,0,30000,0,0,0,0,0,0,0,0,0,0,0,0,0,0,2,1,8,18014598541772518,0,,
2,9,31961,315,0,30000,0,0,0,0,0,0,0,0,0,0,0,0,0,0,2,1,9,18014598541772518,0,,
1,10,31965,435,0,30000,0,0,0,0,0,0,0,0,0,0,0,0,0,0,2,1,10,18014598541772518,0,,
1,11,31981,80,0,30000,0,0,0,0,0,0,0,0,0,0,0,0,0,0,2,1,11,18014598541772518,0,,
1,12,31991,20,0,30000,0,0,0,0,0,0,0,0,0,0,0,0,0,0,2,1,12,18014598541772518,0,,
2,13,31962,430,0,30000,0,0,0,0,0,0,0,0,0,0,0,0,0,0,2,1,13,18014598541772518,0,,
2,14,31967,430,0,30000,0,0,0,0,0,0,0,0,0,0,0,0,0,0,2,1,14,18014598541772518,0,,
1,15,31984,100,0,30000,0,0,0,0,0,0,0,0,0,0,0,0,0,0,2,1,15,18014598541772518,0,,
1,16,31994,20,0,30000,0,0,0,0,0,0,0,0,0,0,0,0,0,0,2,1,16,18014598541772518,0,,
2,17,31966,345,0,30000,0,0,0,0,0,0,0,0,0,0,0,0,0,0,2,1,17,18014598541772518,0,,
0,18,31969,100,0,30000,0,0,0,0,0,0,0,0,0,0,0,0,0,0,2,1,18,18014598541772518,0,,
1,19,31982,75,0,30000,0,0,0,0,0,0,0,0,0,0,0,0,0,0,2,1,19,18014598541772518,0,,
1,20,31985,70,0,30000,0,0,0,0,0,0,0,0,0,0,0,0,0,0,2,1,20,18014598541772518,0,,
0,21,31987,45,0,30000,0,0,0,0,0,0,0,0,0,0,0,0,0,0,2,1,21,18014598541772518,0,,
0,22,31988,30,0,30000,0,0,0,0,0,0,0,0,0,0,0,0,0,0,2,1,22,18014598541772518,0,,
1,23,31993,20,0,30000,0,0,0,0,0,0,0,0,0,0,0,0,0,0,2,1,23,18014598541772518,0,,
1,24,31995,35,0,30000,0,0,0,0,0,0,0,0,0,0,0,0,0,0,2,1,24,18014598541772518,0,,
0,25,31997,20,0,30000,0,0,0,0,0,0,0,0,0,0,0,0,0,0,2,1,25,18014598541772518,0,,
1,26,5824,7,0,30000,0,0,0,0,0,0,0,0,0,0,0,0,0,0,2,1,26,18014598541772518,0,,
1,27,5825,31,0,30000,0,0,0,0,0,0,0,0,0,0,0,0,0,0,2,1,27,18014598541772518,0,,
1,28,49749,1,0,30000,0,0,0,0,0,0,0,0,0,0,0,0,0,0,2,1,28,18014598541772518,0,,
1,29,49753,1,0,30000,0,0,0,0,0,0,0,0,0,0,0,0,0,0,2,1,29,18014598541772518,0,,
1,30,49755,3,0,30000,0,0,0,0,0,0,0,0,0,0,0,0,0,0,2,1,30,18014598541772518,0,,
1,31,49760,1,0,30000,0,0,0,0,0,0,0,0,0,0,0,0,0,0,2,1,31,18014598541772518,0,,
1,32,18030,2,0,30000,0,0,0,0,0,0,0,0,0,0,0,0,0,0,2,1,32,18014598541772518,0,,
1,33,26819,2,0,30000,0,0,0,0,0,0,0,0,0,0,0,0,0,0,2,1,33,18014598541772518,0,,
1,34,43942,8,0,30000,0,0,0,0,0,0,0,0,0,0,0,0,0,0,2,1,34,18014598541772518,0,,
1000,0,49494,1,10000,27195,0,15,15,0,0,0,11,11,0,0,0,0,0,30797,1000,6,0,18014598541772518,0,1,Orb
1000,2,49296,1,7684,27195,1,14,14,14,14,16,11,11,11,10,10,0,0,0,1000,6,2,18014598541772518,0,1,Orb
1000,3,49453,1,10000,27945,0,0,0,0,0,0,0,0,0,0,0,102,123,41561,1000,6,3,18014598541772518,0,1,Orb
1000,4,49298,1,3030,27060,1,25,25,25,25,25,11,11,11,10,10,0,0,10034,1000,6,4,18014598541772518,0,1,Orb
1000,6,49455,1,3027,27105,0,15,15,0,0,0,11,11,0,0,0,102,0,38214,1000,6,6,18014598541772518,0,1,Orb
1000,7,49300,1,2899,27263,1,15,15,15,15,15,11,11,11,10,10,0,0,30761,1000,6,7,18014598541772518,0,1,Orb
1000,8,49564,1,3699,26400,0,25,25,0,0,0,11,11,0,0,0,0,0,9293,1000,6,8,18014598541772518,0,1,Orb
1000,9,49314,1,10000,26370,1,15,25,25,25,25,11,11,10,10,10,0,0,9292,1000,6,9,18014598541772518,0,1,Orb
1000,10,49574,1,6825,26340,0,15,15,0,0,0,11,11,0,0,0,0,0,9294,1000,6,10,18014598541772518,0,1,Orb
1000,11,49324,1,3026,26460,1,15,25,25,25,25,11,11,10,10,10,0,0,9295,1000,6,11,18014598541772518,0,1,Orb
1000,12,49324,1,2980,26520,1,15,14,14,14,25,11,11,10,10,10,0,0,9295,1000,6,12,18014598541772518,0,1,Orb
1000,13,8840,1,0,30000,0,0,0,0,0,0,0,0,0,0,0,0,0,0,1000,6,13,18014598541772518,0,1,Orb
2000,0,1,116973,0,0,0,0,0,0,0,0,0,0,0,0,0,0,0,0,2000,12,0,18014598541772518,0,,
2000,2,21,50000,0,0,0,0,0,0,0,0,0,0,0,0,0,0,0,0,2000,12,2,18014598541772518,0,,
2000,6,25,11700,0,0,0,0,0,0,0,0,0,0,0,0,0,0,0,0,2000,12,6,18014598541772518,0,,
2000,8,27,164,0,0,0,0,0,0,0,0,0,0,0,0,0,0,0,0,2000,12,8,18014598541772518,0,,
2000,9,28,2000,0,0,0,0,0,0,0,0,0,0,0,0,0,0,0,0,2000,12,9,18014598541772518,0,,
2000,10,29,36729,0,0,0,0,0,0,0,0,0,0,0,0,0,0,0,0,2000,12,10,18014598541772518,0,,
2000,28,47,1195,0,0,0,0,0,0,0,0,0,0,0,0,0,0,0,0,2000,12,28,18014598541772518,0,,
2000,29,48,2000,0,0,0,0,0,0,0,0,0,0,0,0,0,0,0,0,2000,12,29,18014598541772518,0,,
2000,30,49,535,0,0,0,0,0,0,0,0,0,0,0,0,0,0,0,0,2000,12,30,18014598541772518,0,,
2000,38,21072,389,0,0,0,0,0,0,0,0,0,0,0,0,0,0,0,0,2000,12,38,18014598541772518,0,,
2000,48,21172,45,0,0,0,0,0,0,0,0,0,0,0,0,0,0,0,0,2000,12,48,18014598541772518,0,,
2000,52,25200,710,0,0,0,0,0,0,0,0,0,0,0,0,0,0,0,0,2000,12,52,18014598541772518,0,,
2000,54,26807,393,0,0,0,0,0,0,0,0,0,0,0,0,0,0,0,0,2000,12,54,18014598541772518,0,,
2000,55,28063,3125,0,0,0,0,0,0,0,0,0,0,0,0,0,0,0,0,2000,12,55,18014598541772518,0,,
2000,59,30341,130,0,0,0,0,0,0,0,0,0,0,0,0,0,0,0,0,2000,12,59,18014598541772518,0,,
2000,61,33914,1854,0,0,0,0,0,0,0,0,0,0,0,0,0,0,0,0,2000,12,61,18014598541772518,0,,
2000,62,36656,3000,0,0,0,0,0,0,0,0,0,0,0,0,0,0,0,0,2000,12,62,18014598541772518,0,,
2000,69,41629,404,0,0,0,0,0,0,0,0,0,0,0,0,0,0,0,0,2000,12,69,18014598541772518,0,,
2001,0,2,1009,0,30000,0,0,0,0,0,0,0,0,0,0,0,0,0,0,2001,13,0,18014598541772518,0,,
2001,1,3,1237,0,30000,0,0,0,0,0,0,0,0,0,0,0,0,0,0,2001,13,1,18014598541772518,0,,
2001,2,4,8,0,30000,0,0,0,0,0,0,0,0,0,0,0,0,0,0,2001,13,2,18014598541772518,0,,
2001,3,5,1470,0,30000,0,0,0,0,0,0,0,0,0,0,0,0,0,0,2001,13,3,18014598541772518,0,,
2001,4,6,903,0,30000,0,0,0,0,0,0,0,0,0,0,0,0,0,0,2001,13,4,18014598541772518,0,,
2001,5,7,1079,0,30000,0,0,0,0,0,0,0,0,0,0,0,0,0,0,2001,13,5,18014598541772518,0,,
2001,6,8,2160,0,30000,0,0,0,0,0,0,0,0,0,0,0,0,0,0,2001,13,6,18014598541772518,0,,
2001,7,9,3689,0,30000,0,0,0,0,0,0,0,0,0,0,0,0,0,0,2001,13,7,18014598541772518,0,,
2001,8,10,2104,0,30000,0,0,0,0,0,0,0,0,0,0,0,0,0,0,2001,13,8,18014598541772518,0,,
2001,9,11,1636,0,30000,0,0,0,0,0,0,0,0,0,0,0,0,0,0,2001,13,9,18014598541772518,0,,
2001,10,12,1773,0,30000,0,0,0,0,0,0,0,0,0,0,0,0,0,0,2001,13,10,18014598541772518,0,,
2001,11,13,1971,0,30000,0,0,0,0,0,0,0,0,0,0,0,0,0,0,2001,13,11,18014598541772518,0,,
2001,12,14,1272,0,30000,0,0,0,0,0,0,0,0,0,0,0,0,0,0,2001,13,12,18014598541772518,0,,
2001,13,15,943,0,30000,0,0,0,0,0,0,0,0,0,0,0,0,0,0,2001,13,13,18014598541772518,0,,
2001,14,16,1087,0,30000,0,0,0,0,0,0,0,0,0,0,0,0,0,0,2001,13,14,18014598541772518,0,,
2001,15,17,1108,0,30000,0,0,0,0,0,0,0,0,0,0,0,0,0,0,2001,13,15,18014598541772518,0,,
2001,16,18,890,0,30000,0,0,0,0,0,0,0,0,0,0,0,0,0,0,2001,13,16,18014598541772518,0,,
2001,17,19,678,0,30000,0,0,0,0,0,0,0,0,0,0,0,0,0,0,2001,13,17,18014598541772518,0,,
0,144,6105,1,0,0,0,0,0,0,0,0,0,0,0,0,0,0,0,0,2500,11,144,18014598541772518,0,,
0,171,6110,1,0,0,0,0,0,0,0,0,0,0,0,0,0,0,0,0,2500,11,171,18014598541772518,0,,
0,251,9272,1,0,0,0,0,0,0,0,0,0,0,0,0,0,0,0,0,2500,11,251,18014598541772518,0,,
0,273,12038,1,0,0,0,0,0,0,0,0,0,0,0,0,0,0,0,0,2500,11,273,18014598541772518,0,,
0,288,10045,1,0,0,0,0,0,0,0,0,0,0,0,0,0,0,0,0,2500,11,288,18014598541772518,0,,
0,302,13333,1,0,0,0,0,0,0,0,0,0,0,0,0,0,0,0,0,2500,11,302,18014598541772518,0,,
0,303,13334,1,0,0,0,0,0,0,0,0,0,0,0,0,0,0,0,0,2500,11,303,18014598541772518,0,,
0,323,13989,1,0,0,0,0,0,0,0,0,0,0,0,0,0,0,0,0,2500,11,323,18014598541772518,0,,
0,324,13990,1,0,0,0,0,0,0,0,0,0,0,0,0,0,0,0,0,2500,11,324,18014598541772518,0,,
0,354,17498,1,0,0,0,0,0,0,0,0,0,0,0,0,0,0,0,0,2500,11,354,18014598541772518,0,,
0,355,17499,1,0,0,0,0,0,0,0,0,0,0,0,0,0,0,0,0,2500,11,355,18014598541772518,0,,
0,188,10587,1,0,0,1,0,0,0,0,0,0,0,0,0,0,0,0,0,2501,10,0,18014598541772518,0,,
0,552,1602,1,1,0,0,0,0,0,0,0,0,0,0,0,0,0,0,0,2501,10,1,18014598541772518,0,,
0,387,18581,1,2,0,0,0,0,0,0,0,0,0,0,0,0,0,0,0,2501,10,2,18014598541772518,0,,
0,189,1752,1,3,0,0,0,0,0,0,0,0,0,0,0,0,0,0,0,2501,10,3,18014598541772518,0,,
0,190,34161,1,4,0,0,0,0,0,0,0,0,0,0,0,0,0,0,0,2501,10,4,18014598541772518,0,,
0,388,27375,1,5,0,0,0,0,0,0,0,0,0,0,0,0,0,0,0,2501,10,5,18014598541772518,0,,
0,191,27357,1,6,0,0,0,0,0,0,0,0,0,0,0,0,0,0,0,2501,10,6,18014598541772518,0,,
0,389,18582,1,7,0,0,0,0,0,0,0,0,0,0,0,0,0,0,0,2501,10,7,18014598541772518,0,,
0,416,34173,1,8,0,0,0,0,0,0,0,0,0,0,0,0,0,0,0,2501,10,8,18014598541772518,0,,
0,417,34156,1,9,0,0,0,0,0,0,0,0,0,0,0,0,0,0,0,2501,10,9,18014598541772518,0,,
0,390,18736,1,10,0,0,0,0,0,0,0,0,0,0,0,0,0,0,0,2501,10,10,18014598541772518,0,,
0,13,13775,1,11,0,0,0,0,0,0,0,0,0,0,0,0,0,0,0,2501,10,11,18014598541772518,0,,
0,418,34160,1,12,0,0,0,0,0,0,0,0,0,0,0,0,0,0,0,2501,10,12,18014598541772518,0,,
0,553,7952,1,13,0,0,0,0,0,0,0,0,0,0,0,0,0,0,0,2501,10,13,18014598541772518,0,,
0,419,34159,1,14,0,0,0,0,0,0,0,0,0,0,0,0,0,0,0,2501,10,14,18014598541772518,0,,
0,554,18037,1,15,0,1,0,0,0,0,0,0,0,0,0,0,0,0,0,2501,10,15,18014598541772518,0,,
0,555,1891,1,16,0,0,0,0,0,0,0,0,0,0,0,0,0,0,0,2501,10,16,18014598541772518,0,,
0,556,1889,1,17,0,0,0,0,0,0,0,0,0,0,0,0,0,0,0,2501,10,17,18014598541772518,0,,
0,557,18196,1,18,0,1,0,0,0,0,0,0,0,0,0,0,0,0,0,2501,10,18,18014598541772518,0,,
0,192,27358,1,19,0,0,0,0,0,0,0,0,0,0,0,0,0,0,0,2501,10,19,18014598541772518,0,,
0,193,2184,1,20,0,1,0,0,0,0,0,0,0,0,0,0,0,0,0,2501,10,20,18014598541772518,0,,
0,194,31428,1,21,0,0,0,0,0,0,0,0,0,0,0,0,0,0,0,2501,10,21,18014598541772518,0,,
0,575,40104,1,22,0,0,0,0,0,0,0,0,0,0,0,0,0,0,0,2501,10,22,18014598541772518,0,,
0,524,17831,1,23,0,0,0,0,0,0,0,0,0,0,0,0,0,0,0,2501,10,23,18014598541772518,0,,
0,391,18593,1,24,0,0,0,0,0,0,0,0,0,0,0,0,0,0,0,2501,10,24,18014598541772518,0,,
0,195,20389,1,25,0,0,0,0,0,0,0,0,0,0,0,0,0,0,0,2501,10,25,18014598541772518,0,,
0,197,40337,1,26,0,0,0,0,0,0,0,0,0,0,0,0,0,0,0,2501,10,26,18014598541772518,0,,
0,198,40966,1,27,0,0,0,0,0,0,0,0,0,0,0,0,0,0,0,2501,10,27,18014598541772518,0,,
0,196,22746,1,28,0,0,0,0,0,0,0,0,0,0,0,0,0,0,0,2501,10,28,18014598541772518,0,,
0,420,34316,1,29,0,0,0,0,0,0,0,0,0,0,0,0,0,0,0,2501,10,29,18014598541772518,0,,
0,12,47084,1,30,0,0,0,0,0,0,0,0,0,0,0,0,0,0,0,2501,10,30,18014598541772518,0,,
0,346,30797,1,31,0,0,0,0,0,0,0,0,0,0,0,0,0,0,0,2501,10,31,18014598541772518,0,,
0,1,10533,1,32,0,1,0,0,0,0,0,0,0,0,0,0,0,0,0,2501,10,32,18014598541772518,0,,
0,378,40335,1,33,0,0,0,0,0,0,0,0,0,0,0,0,0,0,0,2501,10,33,18014598541772518,0,,
0,392,40984,1,34,0,0,0,0,0,0,0,0,0,0,0,0,0,0,0,2501,10,34,18014598541772518,0,,
0,421,41004,1,35,0,0,0,0,0,0,0,0,0,0,0,0,0,0,0,2501,10,35,18014598541772518,0,,
0,669,13788,1,36,0,0,0,0,0,0,0,0,0,0,0,0,0,0,0,2501,10,36,18014598541772518,0,,
0,670,15905,1,37,0,0,0,0,0,0,0,0,0,0,0,0,0,0,0,2501,10,37,18014598541772518,0,,
0,257,16984,1,38,0,0,0,0,0,0,0,0,0,0,0,0,0,0,0,2501,10,38,18014598541772518,0,,
0,671,21010,1,39,0,0,0,0,0,0,0,0,0,0,0,0,0,0,0,2501,10,39,18014598541772518,0,,
0,38,45059,1,40,0,0,0,0,0,0,0,0,0,0,0,0,0,0,0,2501,10,40,18014598541772518,0,,
0,199,2315,1,41,0,0,0,0,0,0,0,0,0,0,0,0,0,0,0,2501,10,41,18014598541772518,0,,
0,200,2328,1,42,0,0,0,0,0,0,0,0,0,0,0,0,0,0,0,2501,10,42,18014598541772518,0,,
0,201,2351,1,43,0,0,0,0,0,0,0,0,0,0,0,0,0,0,0,2501,10,43,18014598541772518,0,,
0,202,2344,1,44,0,0,0,0,0,0,0,0,0,0,0,0,0,0,0,2501,10,44,18014598541772518,0,,
0,203,2341,1,45,0,0,0,0,0,0,0,0,0,0,0,0,0,0,0,2501,10,45,18014598541772518,0,,
0,204,2359,1,46,0,0,0,0,0,0,0,0,0,0,0,0,0,0,0,2501,10,46,18014598541772518,0,,
0,205,2357,1,47,0,0,0,0,0,0,0,0,0,0,0,0,0,0,0,2501,10,47,18014598541772518,0,,
0,206,2355,1,48,0,0,0,0,0,0,0,0,0,0,0,0,0,0,0,2501,10,48,18014598541772518,0,,
0,207,2367,1,49,0,0,0,0,0,0,0,0,0,0,0,0,0,0,0,2501,10,49,18014598541772518,0,,
0,208,2366,1,50,0,0,0,0,0,0,0,0,0,0,0,0,0,0,0,2501,10,50,18014598541772518,0,,
0,209,2392,1,51,0,0,0,0,0,0,0,0,0,0,0,0,0,0,0,2501,10,51,18014598541772518,0,,
0,210,2391,1,52,0,0,0,0,0,0,0,0,0,0,0,0,0,0,0,2501,10,52,18014598541772518,0,,
0,211,2407,1,53,0,0,0,0,0,0,0,0,0,0,0,0,0,0,0,2501,10,53,18014598541772518,0,,
0,212,2405,1,54,0,0,0,0,0,0,0,0,0,0,0,0,0,0,0,2501,10,54,18014598541772518,0,,
0,213,2416,1,55,0,0,0,0,0,0,0,0,0,0,0,0,0,0,0,2501,10,55,18014598541772518,0,,
0,214,2430,1,56,0,0,0,0,0,0,0,0,0,0,0,0,0,0,0,2501,10,56,18014598541772518,0,,
0,215,2446,1,57,0,1,0,0,0,0,0,0,0,0,0,0,0,0,0,2501,10,57,18014598541772518,0,,
0,216,2443,1,58,0,0,0,0,0,0,0,0,0,0,0,0,0,0,0,2501,10,58,18014598541772518,0,,
0,217,2459,1,59,0,0,0,0,0,0,0,0,0,0,0,0,0,0,0,2501,10,59,18014598541772518,0,,
0,582,31780,1,60,0,0,0,0,0,0,0,0,0,0,0,0,0,0,0,2501,10,60,18014598541772518,0,,
0,219,30448,1,61,0,1,0,0,0,0,0,0,0,0,0,0,0,0,0,2501,10,61,18014598541772518,0,,
0,218,2532,1,62,0,0,0,0,0,0,0,0,0,0,0,0,0,0,0,2501,10,62,18014598541772518,0,,
0,583,31791,1,63,0,0,0,0,0,0,0,0,0,0,0,0,0,0,0,2501,10,63,18014598541772518,0,,
0,220,30459,1,64,0,1,0,0,0,0,0,0,0,0,0,0,0,0,0,2501,10,64,18014598541772518,0,,
0,581,31722,1,65,0,0,0,0,0,0,0,0,0,0,0,0,0,0,0,2501,10,65,18014598541772518,0,,
0,221,2558,1,66,0,0,0,0,0,0,0,0,0,0,0,0,0,0,0,2501,10,66,18014598541772518,0,,
0,584,31792,1,67,0,0,0,0,0,0,0,0,0,0,0,0,0,0,0,2501,10,67,18014598541772518,0,,
0,222,30460,1,68,0,1,0,0,0,0,0,0,0,0,0,0,0,0,0,2501,10,68,18014598541772518,0,,
0,619,40215,1,69,0,0,0,0,0,0,0,0,0,0,0,0,0,0,0,2501,10,69,18014598541772518,0,,
0,43,40917,1,70,0,0,0,0,0,0,0,0,0,0,0,0,0,0,0,2501,10,70,18014598541772518,0,,
0,620,39680,1,71,0,1,0,0,0,0,0,0,0,0,0,0,0,0,0,2501,10,71,18014598541772518,0,,
0,293,38186,1,72,0,0,0,0,0,0,0,0,0,0,0,0,0,0,0,2501,10,72,18014598541772518,0,,
0,469,37141,1,73,0,0,0,0,0,0,0,0,0,0,0,0,0,0,0,2501,10,73,18014598541772518,0,,
0,344,37151,1,74,0,0,0,0,0,0,0,0,0,0,0,0,0,0,0,2501,10,74,18014598541772518,0,,
0,470,37161,1,75,0,0,0,0,0,0,0,0,0,0,0,0,0,0,0,2501,10,75,18014598541772518,0,,
0,621,36713,1,76,0,1,0,0,0,0,0,0,0,0,0,0,0,0,0,2501,10,76,18014598541772518,0,,
0,383,35065,1,77,0,1,0,0,0,0,0,0,0,0,0,0,0,0,0,2501,10,77,18014598541772518,0,,
0,259,34640,1,78,0,0,0,0,0,0,0,0,0,0,0,0,0,0,0,2501,10,78,18014598541772518,0,,
0,269,34650,1,79,0,0,0,0,0,0,0,0,0,0,0,0,0,0,0,2501,10,79,18014598541772518,0,,
0,270,35429,1,80,0,0,0,0,0,0,0,0,0,0,0,0,0,0,0,2501,10,80,18014598541772518,0,,
0,422,34355,1,81,0,0,0,0,0,0,0,0,0,0,0,0,0,0,0,2501,10,81,18014598541772518,0,,
0,622,32552,1,82,0,0,0,0,0,0,0,0,0,0,0,0,0,0,0,2501,10,82,18014598541772518,0,,
0,423,34180,1,83,0,0,0,0,0,0,0,0,0,0,0,0,0,0,0,2501,10,83,18014598541772518,0,,
0,424,34185,1,84,0,0,0,0,0,0,0,0,0,0,0,0,0,0,0,2501,10,84,18014598541772518,0,,
0,425,34195,1,85,0,0,0,0,0,0,0,0,0,0,0,0,0,0,0,2501,10,85,18014598541772518,0,,
0,426,34205,1,86,0,0,0,0,0,0,0,0,0,0,0,0,0,0,0,2501,10,86,18014598541772518,0,,
0,320,33506,1,87,0,0,0,0,0,0,0,0,0,0,0,0,0,0,0,2501,10,87,18014598541772518,0,,
0,319,33512,1,88,0,0,0,0,0,0,0,0,0,0,0,0,0,0,0,2501,10,88,18014598541772518,0,,
0,322,33524,1,89,0,0,0,0,0,0,0,0,0,0,0,0,0,0,0,2501,10,89,18014598541772518,0,,
0,323,33536,1,90,0,0,0,0,0,0,0,0,0,0,0,0,0,0,0,2501,10,90,18014598541772518,0,,
0,623,31798,1,91,0,0,0,0,0,0,0,0,0,0,0,0,0,0,0,2501,10,91,18014598541772518,0,,
0,106,30694,1,92,0,0,0,0,0,0,0,0,0,0,0,0,0,0,0,2501,10,92,18014598541772518,0,,
0,229,30634,1,93,0,0,0,0,0,0,0,0,0,0,0,0,0,0,0,2501,10,93,18014598541772518,0,,
0,107,28339,1,94,0,0,0,0,0,0,0,0,0,0,0,0,0,0,0,2501,10,94,18014598541772518,0,,
0,304,28239,1,95,0,0,0,0,0,0,0,0,0,0,0,0,0,0,0,2501,10,95,18014598541772518,0,,
0,427,26396,1,96,0,0,0,0,0,0,0,0,0,0,0,0,0,0,0,2501,10,96,18014598541772518,0,,
0,624,25682,1,97,0,1,0,0,0,0,0,0,0,0,0,0,0,0,0,2501,10,97,18014598541772518,0,,
0,267,36015,1,98,0,0,0,0,0,0,0,0,0,0,0,0,0,0,0,2501,10,98,18014598541772518,0,,
0,505,24368,1,99,0,0,0,0,0,0,0,0,0,0,0,0,0,0,0,2501,10,99,18014598541772518,0,,
0,343,22066,1,100,0,0,0,0,0,0,0,0,0,0,0,0,0,0,0,2501,10,100,18014598541772518,0,,
0,625,17812,1,101,0,0,0,0,0,0,0,0,0,0,0,0,0,0,0,2501,10,101,18014598541772518,0,,
0,39,17802,1,102,0,0,0,0,0,0,0,0,0,0,0,0,0,0,0,2501,10,102,18014598541772518,0,,
0,393,18757,1,103,0,0,0,0,0,0,0,0,0,0,0,0,0,0,0,2501,10,103,18014598541772518,0,,
0,394,18763,1,104,0,0,0,0,0,0,0,0,0,0,0,0,0,0,0,2501,10,104,18014598541772518,0,,
0,395,18775,1,105,0,0,0,0,0,0,0,0,0,0,0,0,0,0,0,2501,10,105,18014598541772518,0,,
0,396,18631,1,106,0,0,0,0,0,0,0,0,0,0,0,0,0,0,0,2501,10,106,18014598541772518,0,,
0,225,18295,1,107,0,0,0,0,0,0,0,0,0,0,0,0,0,0,0,2501,10,107,18014598541772518,0,,
0,223,16289,1,108,0,0,0,0,0,0,0,0,0,0,0,0,0,0,0,2501,10,108,18014598541772518,0,,
0,108,14686,1,109,0,0,0,0,0,0,0,0,0,0,0,0,0,0,0,2501,10,109,18014598541772518,0,,
0,475,13197,1,110,0,0,0,0,0,0,0,0,0,0,0,0,0,0,0,2501,10,110,18014598541772518,0,,
0,109,11214,1,111,0,0,0,0,0,0,0,0,0,0,0,0,0,0,0,2501,10,111,18014598541772518,0,,
0,224,9901,1,112,0,0,0,0,0,0,0,0,0,0,0,0,0,0,0,2501,10,112,18014598541772518,0,,
0,347,9937,1,113,0,0,0,0,0,0,0,0,0,0,0,0,0,0,0,2501,10,113,18014598541772518,0,,
0,626,20465,1,114,0,0,0,0,0,0,0,0,0,0,0,0,0,0,0,2501,10,114,18014598541772518,0,,
0,83,20465,1,115,0,0,0,0,0,0,0,0,0,0,0,0,0,0,0,2501,10,115,18014598541772518,0,,
0,379,9943,1,116,0,0,0,0,0,0,0,0,0,0,0,0,0,0,0,2501,10,116,18014598541772518,0,,
0,232,7474,1,117,0,0,0,0,0,0,0,0,0,0,0,0,0,0,0,2501,10,117,18014598541772518,0,,
0,526,2897,1,118,0,0,0,0,0,0,0,0,0,0,0,0,0,0,0,2501,10,118,18014598541772518,0,,
0,82,24582,1,119,0,0,0,0,0,0,0,0,0,0,0,0,0,0,0,2501,10,119,18014598541772518,0,,
0,331,19093,1,120,0,0,0,0,0,0,0,0,0,0,0,0,0,0,0,2501,10,120,18014598541772518,0,,
0,305,22343,1,121,0,0,0,0,0,0,0,0,0,0,0,0,0,0,0,2501,10,121,18014598541772518,0,,
0,8,24594,1,122,0,0,0,0,0,0,0,0,0,0,0,0,0,0,0,2501,10,122,18014598541772518,0,,
0,2,8557,1,123,0,1,0,0,0,0,0,0,0,0,0,0,101,0,0,2501,10,123,18014598541772518,0,,
0,19,10032,1,124,0,0,0,0,0,0,0,0,0,0,0,0,0,0,0,2501,10,124,18014598541772518,0,,
0,76,15472,1,125,0,0,0,0,0,0,0,0,0,0,0,0,0,0,0,2501,10,125,18014598541772518,0,,
0,40,22509,1,126,0,0,0,0,0,0,0,0,0,0,0,0,0,0,0,2501,10,126,18014598541772518,0,,
0,569,23355,1,127,0,0,0,0,0,0,0,0,0,0,0,0,0,0,0,2501,10,127,18014598541772518,0,,
0,37,30762,1,128,0,0,0,0,0,0,0,0,0,0,0,0,0,0,0,2501,10,128,18014598541772518,0,,
0,674,41796,1,129,0,0,0,0,0,0,0,0,0,0,0,0,0,0,0,2501,10,129,18014598541772518,0,,
0,112,28709,1,130,0,0,0,0,0,0,0,0,0,0,0,0,0,0,0,2501,10,130,18014598541772518,0,,
0,74,8681,1,131,0,0,0,0,0,0,0,0,0,0,0,0,0,0,0,2501,10,131,18014598541772518,0,,
0,356,36826,1,132,0,0,0,0,0,0,0,0,0,0,0,0,0,0,0,2501,10,132,18014598541772518,0,,
0,628,40066,1,133,0,0,0,0,0,0,0,0,0,0,0,0,0,0,0,2501,10,133,18014598541772518,0,,
0,496,39095,1,134,0,0,0,0,0,0,0,0,0,0,0,0,0,0,0,2501,10,134,18014598541772518,0,,
0,291,37137,1,135,0,0,0,0,0,0,0,0,0,0,0,0,0,0,0,2501,10,135,18014598541772518,0,,
0,477,37147,1,136,0,0,0,0,0,0,0,0,0,0,0,0,0,0,0,2501,10,136,18014598541772518,0,,
0,629,36714,1,137,0,1,0,0,0,0,0,0,0,0,0,0,0,0,0,2501,10,137,18014598541772518,0,,
0,530,37197,1,138,0,0,0,0,0,0,0,0,0,0,0,0,0,0,0,2501,10,138,18014598541772518,0,,
0,296,34008,1,139,0,0,0,0,0,0,0,0,0,0,0,0,0,0,0,2501,10,139,18014598541772518,0,,
0,258,34646,1,140,0,0,0,0,0,0,0,0,0,0,0,0,0,0,0,2501,10,140,18014598541772518,0,,
0,630,34656,1,141,0,0,0,0,0,0,0,0,0,0,0,0,0,0,0,2501,10,141,18014598541772518,0,,
0,265,35430,1,142,0,0,0,0,0,0,0,0,0,0,0,0,0,0,0,2501,10,142,18014598541772518,0,,
0,631,34506,1,143,0,0,0,0,0,0,0,0,0,0,0,0,0,0,0,2501,10,143,18014598541772518,0,,
0,632,32553,1,144,0,0,0,0,0,0,0,0,0,0,0,0,0,0,0,2501,10,144,18014598541772518,0,,
0,497,32547,1,145,0,0,0,0,0,0,0,0,0,0,0,0,0,0,0,2501,10,145,18014598541772518,0,,
0,428,34181,1,146,0,0,0,0,0,0,0,0,0,0,0,0,0,0,0,2501,10,146,18014598541772518,0,,
0,429,34196,1,147,0,0,0,0,0,0,0,0,0,0,0,0,0,0,0,2501,10,147,18014598541772518,0,,
0,430,34191,1,148,0,0,0,0,0,0,0,0,0,0,0,0,0,0,0,2501,10,148,18014598541772518,0,,
0,431,34201,1,149,0,0,0,0,0,0,0,0,0,0,0,0,0,0,0,2501,10,149,18014598541772518,0,,
0,324,33507,1,150,0,0,0,0,0,0,0,0,0,0,0,0,0,0,0,2501,10,150,18014598541772518,0,,
0,318,33513,1,151,0,0,0,0,0,0,0,0,0,0,0,0,0,0,0,2501,10,151,18014598541772518,0,,
0,317,33519,1,152,0,0,0,0,0,0,0,0,0,0,0,0,0,0,0,2501,10,152,18014598541772518,0,,
0,325,33537,1,153,0,0,0,0,0,0,0,0,0,0,0,0,0,0,0,2501,10,153,18014598541772518,0,,
0,326,33531,1,154,0,0,0,0,0,0,0,0,0,0,0,0,0,0,0,2501,10,154,18014598541772518,0,,
0,633,31799,1,155,0,0,0,0,0,0,0,0,0,0,0,0,0,0,0,2501,10,155,18014598541772518,0,,
0,113,30685,1,156,0,0,0,0,0,0,0,0,0,0,0,0,0,0,0,2501,10,156,18014598541772518,0,,
0,233,30467,1,157,0,1,0,0,0,0,0,0,0,0,0,0,0,0,0,2501,10,157,18014598541772518,0,,
0,115,28346,1,158,0,0,0,0,0,0,0,0,0,0,0,0,0,0,0,2501,10,158,18014598541772518,0,,
0,114,28364,1,159,0,0,0,0,0,0,0,0,0,0,0,0,0,0,0,2501,10,159,18014598541772518,0,,
0,234,26077,1,160,0,0,0,0,0,0,0,0,0,0,0,0,0,0,0,2501,10,160,18014598541772518,0,,
0,117,25997,1,161,0,1,0,0,0,0,0,0,0,0,0,0,0,0,0,2501,10,161,18014598541772518,0,,
0,292,25727,1,162,0,0,0,0,0,0,0,0,0,0,0,0,0,0,0,2501,10,162,18014598541772518,0,,
0,348,25745,1,163,0,0,0,0,0,0,0,0,0,0,0,0,0,0,0,2501,10,163,18014598541772518,0,,
0,634,25683,1,164,0,1,0,0,0,0,0,0,0,0,0,0,0,0,0,2501,10,164,18014598541772518,0,,
0,507,24369,1,165,0,0,0,0,0,0,0,0,0,0,0,0,0,0,0,2501,10,165,18014598541772518,0,,
0,504,24375,1,166,0,0,0,0,0,0,0,0,0,0,0,0,0,0,0,2501,10,166,18014598541772518,0,,
0,508,24387,1,167,0,0,0,0,0,0,0,0,0,0,0,0,0,0,0,2501,10,167,18014598541772518,0,,
0,32,19016,1,168,0,1,0,0,0,0,0,0,0,0,0,0,102,0,0,2501,10,168,18014598541772518,0,,
0,27,19178,1,169,0,0,0,0,0,0,0,0,0,0,0,0,0,0,0,2501,10,169,18014598541772518,0,,
0,635,17813,1,170,0,0,0,0,0,0,0,0,0,0,0,0,0,0,0,2501,10,170,18014598541772518,0,,
0,72,17803,1,171,0,0,0,0,0,0,0,0,0,0,0,0,0,0,0,2501,10,171,18014598541772518,0,,
0,397,18752,1,172,0,0,0,0,0,0,0,0,0,0,0,0,0,0,0,2501,10,172,18014598541772518,0,,
0,399,18620,1,173,0,0,0,0,0,0,0,0,0,0,0,0,0,0,0,2501,10,173,18014598541772518,0,,
0,26,18398,1,174,0,1,0,0,0,0,0,0,0,0,0,0,0,0,0,2501,10,174,18014598541772518,0,,
0,71,18314,1,175,0,0,0,0,0,0,0,0,0,0,0,0,0,0,0,2501,10,175,18014598541772518,0,,
0,96,27257,1,176,0,0,0,0,0,0,0,0,0,0,0,0,0,0,0,2501,10,176,18014598541772518,0,,
0,97,27262,1,177,0,0,0,0,0,0,0,0,0,0,0,0,0,0,0,2501,10,177,18014598541772518,0,,
0,636,17322,1,178,0,1,0,0,0,0,0,0,0,0,0,0,0,0,0,2501,10,178,18014598541772518,0,,
0,70,18068,1,179,0,1,0,0,0,0,0,0,0,0,0,0,0,0,0,2501,10,179,18014598541772518,0,,
0,7,16678,1,180,0,1,0,0,0,0,0,0,0,0,0,0,0,0,0,2501,10,180,18014598541772518,0,,
0,0,16672,1,181,0,1,0,0,0,0,0,0,0,0,0,0,109,0,0,2501,10,181,18014598541772518,0,,
0,478,16132,1,182,0,0,0,0,0,0,0,0,0,0,0,0,0,0,0,2501,10,182,18014598541772518,0,,
0,5,15336,1,183,0,0,0,0,0,0,0,0,0,0,0,0,0,0,0,2501,10,183,18014598541772518,0,,
0,287,14675,1,184,0,0,0,0,0,0,0,0,0,0,0,0,0,0,0,2501,10,184,18014598541772518,0,,
0,479,13180,1,185,0,0,0,0,0,0,0,0,0,0,0,0,0,0,0,2501,10,185,18014598541772518,0,,
0,6,10850,1,186,0,1,0,0,0,0,0,0,0,0,0,0,0,0,0,2501,10,186,18014598541772518,0,,
0,558,20597,1,187,0,0,0,0,0,0,0,0,0,0,0,0,0,0,0,2501,10,187,18014598541772518,0,,
0,90,11163,1,188,0,0,0,0,0,0,0,0,0,0,0,0,0,0,0,2501,10,188,18014598541772518,0,,
0,531,11164,1,189,0,0,0,0,0,0,0,0,0,0,0,0,0,0,0,2501,10,189,18014598541772518,0,,
0,69,11166,1,190,0,0,0,0,0,0,0,0,0,0,0,0,0,0,0,2501,10,190,18014598541772518,0,,
0,637,20466,1,191,0,0,0,0,0,0,0,0,0,0,0,0,0,0,0,2501,10,191,18014598541772518,0,,
0,637,20466,1,192,0,0,0,0,0,0,0,0,0,0,0,0,0,0,0,2501,10,192,18014598541772518,0,,
0,34,9486,1,193,0,1,0,0,0,0,0,0,0,0,0,0,0,0,0,2501,10,193,18014598541772518,0,,
0,68,9486,1,194,0,0,0,0,0,0,0,0,0,0,0,0,0,0,0,2501,10,194,18014598541772518,0,,
0,67,9956,1,195,0,0,0,0,0,0,0,0,0,0,0,0,0,0,0,2501,10,195,18014598541772518,0,,
0,639,3102,1,196,0,0,0,0,0,0,0,0,0,0,0,0,6,0,0,2501,10,196,18014598541772518,0,,
0,559,6041,1,197,0,0,0,0,0,0,0,0,0,0,0,0,0,0,0,2501,10,197,18014598541772518,0,,
0,66,2990,1,198,0,0,0,0,0,0,0,0,0,0,0,0,10,0,0,2501,10,198,18014598541772518,0,,
0,65,24583,1,199,0,0,0,0,0,0,0,0,0,0,0,0,0,0,0,2501,10,199,18014598541772518,0,,
0,490,9283,1,200,0,0,0,0,0,0,0,0,0,0,0,0,0,0,0,2501,10,200,18014598541772518,0,,
0,491,9286,1,201,0,0,0,0,0,0,0,0,0,0,0,0,0,0,0,2501,10,201,18014598541772518,0,,
0,341,10143,1,202,0,0,0,0,0,0,0,0,0,0,0,0,0,0,0,2501,10,202,18014598541772518,0,,
0,59,24595,1,203,0,0,0,0,0,0,0,0,0,0,0,0,0,0,0,2501,10,203,18014598541772518,0,,
0,121,26741,1,204,0,0,0,0,0,0,0,0,0,0,0,0,0,0,0,2501,10,204,18014598541772518,0,,
0,122,35851,1,205,0,0,0,0,0,0,0,0,0,0,0,0,0,0,0,2501,10,205,18014598541772518,0,,
0,31,35852,1,206,0,0,0,0,0,0,0,0,0,0,0,0,0,0,0,2501,10,206,18014598541772518,0,,
0,63,7540,1,207,0,0,0,0,0,0,0,0,0,0,0,0,10,0,0,2501,10,207,18014598541772518,0,,
0,11,8559,1,208,0,1,0,0,0,0,0,0,0,0,0,0,101,0,0,2501,10,208,18014598541772518,0,,
0,23,10033,1,209,0,0,0,0,0,0,0,0,0,0,0,0,0,0,0,2501,10,209,18014598541772518,0,,
0,10,10393,1,210,0,1,0,0,0,0,0,0,0,0,0,0,101,0,0,2501,10,210,18014598541772518,0,,
0,560,14852,1,211,0,0,0,0,0,0,0,0,0,0,0,0,0,0,0,2501,10,211,18014598541772518,0,,
0,568,14869,1,212,0,1,0,0,0,0,0,0,0,0,0,0,82,0,0,2501,10,212,18014598541772518,0,,
0,62,14940,1,213,0,0,0,0,0,0,0,0,0,0,0,0,0,0,0,2501,10,213,18014598541772518,0,,
0,61,15925,1,214,0,1,0,0,0,0,0,0,0,0,0,0,10,0,0,2501,10,214,18014598541772518,0,,
0,570,23356,1,215,0,0,0,0,0,0,0,0,0,0,0,0,0,0,0,2501,10,215,18014598541772518,0,,
0,290,27941,1,216,0,1,0,0,0,0,0,0,0,0,0,0,0,0,0,2501,10,216,18014598541772518,0,,
0,98,28588,1,217,0,1,0,0,0,0,0,0,0,0,0,0,0,0,0,2501,10,217,18014598541772518,0,,
0,673,30055,1,218,0,0,0,0,0,0,0,0,0,0,0,0,0,0,0,2501,10,218,18014598541772518,0,,
0,672,30755,1,219,0,0,0,0,0,0,0,0,0,0,0,0,0,0,0,2501,10,219,18014598541772518,0,,
0,146,30763,1,220,0,0,0,0,0,0,0,0,0,0,0,0,0,0,0,2501,10,220,18014598541772518,0,,
0,542,38212,1,221,0,0,0,0,0,0,0,0,0,0,0,0,0,0,0,2501,10,221,18014598541772518,0,,
0,4,13639,1,222,0,0,0,0,0,0,0,0,0,0,0,0,0,0,0,2501,10,222,18014598541772518,0,,
0,561,6104,1,223,0,0,0,0,0,0,0,0,0,0,0,0,0,0,0,2501,10,223,18014598541772518,0,,
0,29,8553,1,224,0,1,0,0,0,0,0,0,0,0,0,0,0,0,0,2501,10,224,18014598541772518,0,,
0,562,2966,1,225,0,0,0,0,0,0,0,0,0,0,0,0,0,0,0,2501,10,225,18014598541772518,0,,
0,57,9273,1,226,0,0,0,0,0,0,0,0,0,0,0,0,14,0,0,2501,10,226,18014598541772518,0,,
0,563,10042,1,227,0,0,0,0,0,0,0,0,0,0,0,0,0,0,0,2501,10,227,18014598541772518,0,,
0,564,12036,1,228,0,0,0,0,0,0,0,0,0,0,0,0,0,0,0,2501,10,228,18014598541772518,0,,
0,565,13331,1,229,0,0,0,0,0,0,0,0,0,0,0,0,0,0,0,2501,10,229,18014598541772518,0,,
0,566,13987,1,230,0,0,0,0,0,0,0,0,0,0,0,0,0,0,0,2501,10,230,18014598541772518,0,,
0,567,17496,1,231,0,0,0,0,0,0,0,0,0,0,0,0,0,0,0,2501,10,231,18014598541772518,0,,
0,345,41561,1,232,0,0,0,0,0,0,0,0,0,0,0,0,0,0,0,2501,10,232,18014598541772518,0,,
0,123,28710,1,233,0,0,0,0,0,0,0,0,0,0,0,0,0,0,0,2501,10,233,18014598541772518,0,,
0,56,8684,1,234,0,0,0,0,0,0,0,0,0,0,0,0,0,0,0,2501,10,234,18014598541772518,0,,
0,9,15480,1,235,0,0,0,0,0,0,0,0,0,0,0,0,101,0,0,2501,10,235,18014598541772518,0,,
0,357,36827,1,236,0,0,0,0,0,0,0,0,0,0,0,0,0,0,0,2501,10,236,18014598541772518,0,,
0,358,36831,1,237,0,0,0,0,0,0,0,0,0,0,0,0,0,0,0,2501,10,237,18014598541772518,0,,
0,572,44572,1,238,0,0,0,0,0,0,0,0,0,0,0,0,0,0,0,2501,10,238,18014598541772518,0,,
0,641,42653,1,239,0,0,0,0,0,0,0,0,0,0,0,0,0,0,0,2501,10,239,18014598541772518,0,,
0,480,40929,1,240,0,0,0,0,0,0,0,0,0,0,0,0,0,0,0,2501,10,240,18014598541772518,0,,
0,643,39682,1,241,0,1,0,0,0,0,0,0,0,0,0,0,0,0,0,2501,10,241,18014598541772518,0,,
0,381,40262,1,242,0,0,0,0,0,0,0,0,0,0,0,0,0,0,0,2501,10,242,18014598541772518,0,,
0,481,39121,1,243,0,0,0,0,0,0,0,0,0,0,0,0,0,0,0,2501,10,243,18014598541772518,0,,
0,380,38188,1,244,0,0,0,0,0,0,0,0,0,0,0,0,0,0,0,2501,10,244,18014598541772518,0,,
0,472,37163,1,245,0,0,0,0,0,0,0,0,0,0,0,0,0,0,0,2501,10,245,18014598541772518,0,,
0,644,36715,1,246,0,1,0,0,0,0,0,0,0,0,0,0,0,0,0,2501,10,246,18014598541772518,0,,
0,297,34009,1,247,0,0,0,0,0,0,0,0,0,0,0,0,0,0,0,2501,10,247,18014598541772518,0,,
0,285,34632,1,248,0,0,0,0,0,0,0,0,0,0,0,0,0,0,0,2501,10,248,18014598541772518,0,,
0,645,34657,1,249,0,0,0,0,0,0,0,0,0,0,0,0,0,0,0,2501,10,249,18014598541772518,0,,
0,646,35431,1,250,0,0,0,0,0,0,0,0,0,0,0,0,0,0,0,2501,10,250,18014598541772518,0,,
0,647,34507,1,251,0,0,0,0,0,0,0,0,0,0,0,0,0,0,0,2501,10,251,18014598541772518,0,,
0,432,34332,1,252,0,0,0,0,0,0,0,0,0,0,0,0,0,0,0,2501,10,252,18014598541772518,0,,
0,433,34182,1,253,0,0,0,0,0,0,0,0,0,0,0,0,0,0,0,2501,10,253,18014598541772518,0,,
0,434,34187,1,254,0,0,0,0,0,0,0,0,0,0,0,0,0,0,0,2501,10,254,18014598541772518,0,,
0,435,34207,1,255,0,0,0,0,0,0,0,0,0,0,0,0,0,0,0,2501,10,255,18014598541772518,0,,
0,648,34132,1,256,0,1,0,0,0,0,0,0,0,0,0,0,0,0,0,2501,10,256,18014598541772518,0,,
0,316,33502,1,257,0,0,0,0,0,0,0,0,0,0,0,0,0,0,0,2501,10,257,18014598541772518,0,,
0,327,33520,1,258,0,0,0,0,0,0,0,0,0,0,0,0,0,0,0,2501,10,258,18014598541772518,0,,
0,649,31800,1,259,0,0,0,0,0,0,0,0,0,0,0,0,0,0,0,2501,10,259,18014598541772518,0,,
0,125,30681,1,260,0,0,0,0,0,0,0,0,0,0,0,0,0,0,0,2501,10,260,18014598541772518,0,,
0,158,30691,1,261,0,0,0,0,0,0,0,0,0,0,0,0,0,0,0,2501,10,261,18014598541772518,0,,
0,499,30706,1,262,0,0,0,0,0,0,0,0,0,0,0,0,0,0,0,2501,10,262,18014598541772518,0,,
0,236,30468,1,263,0,1,0,0,0,0,0,0,0,0,0,0,0,0,0,2501,10,263,18014598541772518,0,,
0,159,30654,1,264,0,0,0,0,0,0,0,0,0,0,0,0,0,0,0,2501,10,264,18014598541772518,0,,
0,157,28353,1,265,0,0,0,0,0,0,0,0,0,0,0,0,0,0,0,2501,10,265,18014598541772518,0,,
0,650,25684,1,266,0,1,0,0,0,0,0,0,0,0,0,0,0,0,0,2501,10,266,18014598541772518,0,,
0,509,24394,1,267,0,0,0,0,0,0,0,0,0,0,0,0,0,0,0,2501,10,267,18014598541772518,0,,
0,651,17814,1,268,0,0,0,0,0,0,0,0,0,0,0,0,0,0,0,2501,10,268,18014598541772518,0,,
0,93,17804,1,269,0,0,0,0,0,0,0,0,0,0,0,0,0,0,0,2501,10,269,18014598541772518,0,,
0,154,19649,1,270,0,1,0,0,0,0,0,0,0,0,0,0,0,0,0,2501,10,270,18014598541772518,0,,
0,482,17381,1,271,0,0,0,0,0,0,0,0,0,0,0,0,0,0,0,2501,10,271,18014598541772518,0,,
0,153,27258,1,272,0,0,0,0,0,0,0,0,0,0,0,0,0,0,0,2501,10,272,18014598541772518,0,,
0,152,27263,1,273,0,0,0,0,0,0,0,0,0,0,0,0,0,0,0,2501,10,273,18014598541772518,0,,
0,483,16133,1,274,0,0,0,0,0,0,0,0,0,0,0,0,0,0,0,2501,10,274,18014598541772518,0,,
0,238,15379,1,275,0,0,0,0,0,0,0,0,0,0,0,0,0,0,0,2501,10,275,18014598541772518,0,,
0,30,11969,1,276,0,1,0,0,0,0,0,0,0,0,0,0,0,0,0,2501,10,276,18014598541772518,0,,
0,3,20598,1,277,0,0,0,0,0,0,0,0,0,0,0,0,0,0,0,2501,10,277,18014598541772518,0,,
0,384,11118,1,278,0,0,0,0,0,0,0,0,0,0,0,0,0,0,0,2501,10,278,18014598541772518,0,,
0,652,20467,1,279,0,0,0,0,0,0,0,0,0,0,0,0,0,0,0,2501,10,279,18014598541772518,0,,
0,151,20467,1,280,0,0,0,0,0,0,0,0,0,0,0,0,0,0,0,2501,10,280,18014598541772518,0,,
0,150,10936,1,281,0,1,0,0,0,0,0,0,0,0,0,0,0,0,0,2501,10,281,18014598541772518,0,,
0,527,3682,1,282,0,0,0,0,0,0,0,0,0,0,0,0,0,0,0,2501,10,282,18014598541772518,0,,
0,25,3527,1,283,0,0,0,0,0,0,0,0,0,0,0,0,0,0,0,2501,10,283,18014598541772518,0,,
0,55,24584,1,284,0,0,0,0,0,0,0,0,0,0,0,0,0,0,0,2501,10,284,18014598541772518,0,,
0,53,24596,1,285,0,0,0,0,0,0,0,0,0,0,0,0,0,0,0,2501,10,285,18014598541772518,0,,
0,149,26742,1,286,0,0,0,0,0,0,0,0,0,0,0,0,0,0,0,2501,10,286,18014598541772518,0,,
0,657,37079,1,287,0,0,0,0,0,0,0,0,0,0,0,0,0,0,0,2501,10,287,18014598541772518,0,,
0,103,10034,1,288,0,0,0,0,0,0,0,0,0,0,0,0,0,0,0,2501,10,288,18014598541772518,0,,
0,54,14834,1,289,0,0,0,0,0,0,0,0,0,0,0,0,0,0,0,2501,10,289,18014598541772518,0,,
0,543,38213,1,290,0,0,0,0,0,0,0,0,0,0,0,0,0,0,0,2501,10,290,18014598541772518,0,,
0,148,28711,1,291,0,0,0,0,0,0,0,0,0,0,0,0,0,0,0,2501,10,291,18014598541772518,0,,
0,359,36828,1,292,0,0,0,0,0,0,0,0,0,0,0,0,0,0,0,2501,10,292,18014598541772518,0,,
0,551,44583,1,293,0,0,0,0,0,0,0,0,0,0,0,0,0,0,0,2501,10,293,18014598541772518,0,,
0,596,42654,1,294,0,0,0,0,0,0,0,0,0,0,0,0,0,0,0,2501,10,294,18014598541772518,0,,
0,598,39683,1,295,0,1,0,0,0,0,0,0,0,0,0,0,0,0,0,2501,10,295,18014598541772518,0,,
0,473,37154,1,296,0,0,0,0,0,0,0,0,0,0,0,0,0,0,0,2501,10,296,18014598541772518,0,,
0,510,37164,1,297,0,0,0,0,0,0,0,0,0,0,0,0,0,0,0,2501,10,297,18014598541772518,0,,
0,600,36716,1,298,0,1,0,0,0,0,0,0,0,0,0,0,0,0,0,2501,10,298,18014598541772518,0,,
0,294,35068,1,299,0,0,0,0,0,0,0,0,0,0,0,0,0,0,0,2501,10,299,18014598541772518,0,,
0,532,37187,1,300,0,0,0,0,0,0,0,0,0,0,0,0,0,0,0,2501,10,300,18014598541772518,0,,
0,298,34010,1,301,0,0,0,0,0,0,0,0,0,0,0,0,0,0,0,2501,10,301,18014598541772518,0,,
0,275,34633,1,302,0,0,0,0,0,0,0,0,0,0,0,0,0,0,0,2501,10,302,18014598541772518,0,,
0,89,34648,1,303,0,0,0,0,0,0,0,0,0,0,0,0,0,0,0,2501,10,303,18014598541772518,0,,
0,272,35432,1,304,0,0,0,0,0,0,0,0,0,0,0,0,0,0,0,2501,10,304,18014598541772518,0,,
0,594,32555,1,305,0,0,0,0,0,0,0,0,0,0,0,0,0,0,0,2501,10,305,18014598541772518,0,,
0,126,34208,1,306,0,0,0,0,0,0,0,0,0,0,0,0,0,0,0,2501,10,306,18014598541772518,0,,
0,315,33515,1,307,0,0,0,0,0,0,0,0,0,0,0,0,0,0,0,2501,10,307,18014598541772518,0,,
0,314,33521,1,308,0,0,0,0,0,0,0,0,0,0,0,0,0,0,0,2501,10,308,18014598541772518,0,,
0,328,33539,1,309,0,0,0,0,0,0,0,0,0,0,0,0,0,0,0,2501,10,309,18014598541772518,0,,
0,593,31801,1,310,0,0,0,0,0,0,0,0,0,0,0,0,0,0,0,2501,10,310,18014598541772518,0,,
0,240,30469,1,311,0,1,0,0,0,0,0,0,0,0,0,0,0,0,0,2501,10,311,18014598541772518,0,,
0,127,29378,1,312,0,0,0,0,0,0,0,0,0,0,0,0,0,0,0,2501,10,312,18014598541772518,0,,
0,438,26405,1,313,0,0,0,0,0,0,0,0,0,0,0,0,0,0,0,2501,10,313,18014598541772518,0,,
0,601,25685,1,314,0,1,0,0,0,0,0,0,0,0,0,0,0,0,0,2501,10,314,18014598541772518,0,,
0,511,24389,1,315,0,0,0,0,0,0,0,0,0,0,0,0,0,0,0,2501,10,315,18014598541772518,0,,
0,241,20884,1,316,0,0,0,0,0,0,0,0,0,0,0,0,0,0,0,2501,10,316,18014598541772518,0,,
0,129,20834,1,317,0,0,0,0,0,0,0,0,0,0,0,0,0,0,0,2501,10,317,18014598541772518,0,,
0,592,17815,1,318,0,0,0,0,0,0,0,0,0,0,0,0,0,0,0,2501,10,318,18014598541772518,0,,
0,402,18766,1,319,0,0,0,0,0,0,0,0,0,0,0,0,0,0,0,2501,10,319,18014598541772518,0,,
0,130,18316,1,320,0,0,0,0,0,0,0,0,0,0,0,0,0,0,0,2501,10,320,18014598541772518,0,,
0,300,18238,1,321,0,0,0,0,0,0,0,0,0,0,0,0,0,0,0,2501,10,321,18014598541772518,0,,
0,131,19650,1,322,0,1,0,0,0,0,0,0,0,0,0,0,0,0,0,2501,10,322,18014598541772518,0,,
0,132,27259,1,323,0,0,0,0,0,0,0,0,0,0,0,0,0,0,0,2501,10,323,18014598541772518,0,,
0,133,27264,1,324,0,0,0,0,0,0,0,0,0,0,0,0,0,0,0,2501,10,324,18014598541772518,0,,
0,242,12310,1,325,0,0,0,0,0,0,0,0,0,0,0,0,0,0,0,2501,10,325,18014598541772518,0,,
0,20,20599,1,326,0,0,0,0,0,0,0,0,0,0,0,0,0,0,0,2501,10,326,18014598541772518,0,,
0,365,11188,1,327,0,0,0,0,0,0,0,0,0,0,0,0,0,0,0,2501,10,327,18014598541772518,0,,
0,602,20468,1,328,0,0,0,0,0,0,0,0,0,0,0,0,0,0,0,2501,10,328,18014598541772518,0,,
0,528,3458,1,329,0,0,0,0,0,0,0,0,0,0,0,0,0,0,0,2501,10,329,18014598541772518,0,,
0,604,3370,1,330,0,0,0,0,0,0,0,0,0,0,0,0,0,0,0,2501,10,330,18014598541772518,0,,
0,42,3303,1,331,0,0,0,0,0,0,0,0,0,0,0,0,10,0,0,2501,10,331,18014598541772518,0,,
0,492,9284,1,332,0,0,0,0,0,0,0,0,0,0,0,0,0,0,0,2501,10,332,18014598541772518,0,,
0,493,9287,1,333,0,0,0,0,0,0,0,0,0,0,0,0,0,0,0,2501,10,333,18014598541772518,0,,
0,340,10144,1,334,0,0,0,0,0,0,0,0,0,0,0,0,0,0,0,2501,10,334,18014598541772518,0,,
0,87,24597,1,335,0,0,0,0,0,0,0,0,0,0,0,0,0,0,0,2501,10,335,18014598541772518,0,,
0,44,36160,1,336,0,0,0,0,0,0,0,0,0,0,0,0,0,0,0,2501,10,336,18014598541772518,0,,
0,28,10035,1,337,0,0,0,0,0,0,0,0,0,0,0,0,0,0,0,2501,10,337,18014598541772518,0,,
0,14,10395,1,338,0,1,0,0,0,0,0,0,0,0,0,0,101,0,0,2501,10,338,18014598541772518,0,,
0,88,22517,1,339,0,0,0,0,0,0,0,0,0,0,0,0,0,0,0,2501,10,339,18014598541772518,0,,
0,573,27942,1,340,0,0,0,0,0,0,0,0,0,0,0,0,0,0,0,2501,10,340,18014598541772518,0,,
0,577,30765,1,341,0,0,0,0,0,0,0,0,0,0,0,0,0,0,0,2501,10,341,18014598541772518,0,,
0,544,38214,1,342,0,0,0,0,0,0,0,0,0,0,0,0,0,0,0,2501,10,342,18014598541772518,0,,
0,545,38216,1,343,0,0,0,0,0,0,0,0,0,0,0,0,0,0,0,2501,10,343,18014598541772518,0,,
0,536,41593,1,344,0,1,0,0,0,0,0,0,0,0,0,0,0,0,0,2501,10,344,18014598541772518,0,,
0,15,8554,1,345,0,1,0,0,0,0,0,0,0,0,0,0,0,0,0,2501,10,345,18014598541772518,0,,
0,86,9274,1,346,0,0,0,0,0,0,0,0,0,0,0,0,14,0,0,2501,10,346,18014598541772518,0,,
0,136,28712,1,347,0,0,0,0,0,0,0,0,0,0,0,0,0,0,0,2501,10,347,18014598541772518,0,,
0,85,8687,1,348,0,0,0,0,0,0,0,0,0,0,0,0,0,0,0,2501,10,348,18014598541772518,0,,
0,16,15481,1,349,0,0,0,0,0,0,0,0,0,0,0,0,101,0,0,2501,10,349,18014598541772518,0,,
0,360,36829,1,350,0,0,0,0,0,0,0,0,0,0,0,0,0,0,0,2501,10,350,18014598541772518,0,,
0,588,42655,1,351,0,0,0,0,0,0,0,0,0,0,0,0,0,0,0,2501,10,351,18014598541772518,0,,
0,609,39684,1,352,0,1,0,0,0,0,0,0,0,0,0,0,0,0,0,2501,10,352,18014598541772518,0,,
0,349,38160,1,353,0,0,0,0,0,0,0,0,0,0,0,0,0,0,0,2501,10,353,18014598541772518,0,,
0,512,37145,1,354,0,0,0,0,0,0,0,0,0,0,0,0,0,0,0,2501,10,354,18014598541772518,0,,
0,486,37155,1,355,0,0,0,0,0,0,0,0,0,0,0,0,0,0,0,2501,10,355,18014598541772518,0,,
0,467,37165,1,356,0,0,0,0,0,0,0,0,0,0,0,0,0,0,0,2501,10,356,18014598541772518,0,,
0,610,36717,1,357,0,1,0,0,0,0,0,0,0,0,0,0,0,0,0,2501,10,357,18014598541772518,0,,
0,299,34011,1,358,0,0,0,0,0,0,0,0,0,0,0,0,0,0,0,2501,10,358,18014598541772518,0,,
0,276,34659,1,359,0,0,0,0,0,0,0,0,0,0,0,0,0,0,0,2501,10,359,18014598541772518,0,,
0,274,35433,1,360,0,0,0,0,0,0,0,0,0,0,0,0,0,0,0,2501,10,360,18014598541772518,0,,
0,611,34509,1,361,0,0,0,0,0,0,0,0,0,0,0,0,0,0,0,2501,10,361,18014598541772518,0,,
0,440,34194,1,362,0,0,0,0,0,0,0,0,0,0,0,0,0,0,0,2501,10,362,18014598541772518,0,,
0,441,34209,1,363,0,0,0,0,0,0,0,0,0,0,0,0,0,0,0,2501,10,363,18014598541772518,0,,
0,329,33504,1,364,0,0,0,0,0,0,0,0,0,0,0,0,0,0,0,2501,10,364,18014598541772518,0,,
0,311,33510,1,365,0,0,0,0,0,0,0,0,0,0,0,0,0,0,0,2501,10,365,18014598541772518,0,,
0,310,33516,1,366,0,0,0,0,0,0,0,0,0,0,0,0,0,0,0,2501,10,366,18014598541772518,0,,
0,309,33522,1,367,0,0,0,0,0,0,0,0,0,0,0,0,0,0,0,2501,10,367,18014598541772518,0,,
0,586,31802,1,368,0,0,0,0,0,0,0,0,0,0,0,0,0,0,0,2501,10,368,18014598541772518,0,,
0,500,30708,1,369,0,0,0,0,0,0,0,0,0,0,0,0,0,0,0,2501,10,369,18014598541772518,0,,
0,137,30470,1,370,0,1,0,0,0,0,0,0,0,0,0,0,0,0,0,2501,10,370,18014598541772518,0,,
0,102,28361,1,371,0,0,0,0,0,0,0,0,0,0,0,0,0,0,0,2501,10,371,18014598541772518,0,,
0,443,26394,1,372,0,0,0,0,0,0,0,0,0,0,0,0,0,0,0,2501,10,372,18014598541772518,0,,
0,138,36019,1,373,0,0,0,0,0,0,0,0,0,0,0,0,0,0,0,2501,10,373,18014598541772518,0,,
0,513,24372,1,374,0,0,0,0,0,0,0,0,0,0,0,0,0,0,0,2501,10,374,18014598541772518,0,,
0,514,24384,1,375,0,0,0,0,0,0,0,0,0,0,0,0,0,0,0,2501,10,375,18014598541772518,0,,
0,585,17816,1,376,0,0,0,0,0,0,0,0,0,0,0,0,0,0,0,2501,10,376,18014598541772518,0,,
0,45,17806,1,377,0,0,0,0,0,0,0,0,0,0,0,0,0,0,0,2501,10,377,18014598541772518,0,,
0,141,19651,1,378,0,1,0,0,0,0,0,0,0,0,0,0,0,0,0,2501,10,378,18014598541772518,0,,
0,142,27260,1,379,0,0,0,0,0,0,0,0,0,0,0,0,0,0,0,2501,10,379,18014598541772518,0,,
0,143,27265,1,380,0,0,0,0,0,0,0,0,0,0,0,0,0,0,0,2501,10,380,18014598541772518,0,,
0,612,18089,1,381,0,1,0,0,0,0,0,0,0,0,0,0,0,0,0,2501,10,381,18014598541772518,0,,
0,101,13135,1,382,0,0,0,0,0,0,0,0,0,0,0,0,0,0,0,2501,10,382,18014598541772518,0,,
0,17,20600,1,383,0,0,0,0,0,0,0,0,0,0,0,0,0,0,0,2501,10,383,18014598541772518,0,,
0,145,20469,1,384,0,0,0,0,0,0,0,0,0,0,0,0,0,0,0,2501,10,384,18014598541772518,0,,
0,145,20469,1,385,0,0,0,0,0,0,0,0,0,0,0,0,0,0,0,2501,10,385,18014598541772518,0,,
0,261,8314,1,386,0,0,0,0,0,0,0,0,0,0,0,0,0,0,0,2501,10,386,18014598541772518,0,,
0,548,3958,1,387,0,0,0,0,0,0,0,0,0,0,0,0,0,0,0,2501,10,387,18014598541772518,0,,
0,529,3889,1,388,0,0,0,0,0,0,0,0,0,0,0,0,0,0,0,2501,10,388,18014598541772518,0,,
0,24,3757,1,389,0,0,0,0,0,0,0,0,0,0,0,0,0,0,0,2501,10,389,18014598541772518,0,,
0,51,24586,1,390,0,0,0,0,0,0,0,0,0,0,0,0,0,0,0,2501,10,390,18014598541772518,0,,
0,494,9285,1,391,0,0,0,0,0,0,0,0,0,0,0,0,0,0,0,2501,10,391,18014598541772518,0,,
0,495,9288,1,392,0,0,0,0,0,0,0,0,0,0,0,0,0,0,0,2501,10,392,18014598541772518,0,,
0,50,24598,1,393,0,0,0,0,0,0,0,0,0,0,0,0,0,0,0,2501,10,393,18014598541772518,0,,
0,243,26743,1,394,0,0,0,0,0,0,0,0,0,0,0,0,0,0,0,2501,10,394,18014598541772518,0,,
0,95,36161,1,395,0,0,0,0,0,0,0,0,0,0,0,0,0,0,0,2501,10,395,18014598541772518,0,,
0,618,37080,1,396,0,0,0,0,0,0,0,0,0,0,0,0,0,0,0,2501,10,396,18014598541772518,0,,
0,36,7542,1,397,0,1,0,0,0,0,0,0,0,0,0,0,10,0,0,2501,10,397,18014598541772518,0,,
0,33,10036,1,398,0,0,0,0,0,0,0,0,0,0,0,0,0,0,0,2501,10,398,18014598541772518,0,,
0,18,15927,1,399,0,1,0,0,0,0,0,0,0,0,0,0,102,0,0,2501,10,399,18014598541772518,0,,
0,574,23000,1,400,0,0,0,0,0,0,0,0,0,0,0,0,0,0,0,2501,10,400,18014598541772518,0,,
0,535,24006,1,401,0,0,0,0,0,0,0,0,0,0,0,0,0,0,0,2501,10,401,18014598541772518,0,,
0,100,30761,1,402,0,0,0,0,0,0,0,0,0,0,0,0,0,0,0,2501,10,402,18014598541772518,0,,
0,614,30766,1,403,0,0,0,0,0,0,0,0,0,0,0,0,0,0,0,2501,10,403,18014598541772518,0,,
0,546,38215,1,404,0,0,0,0,0,0,0,0,0,0,0,0,0,0,0,2501,10,404,18014598541772518,0,,
0,46,13725,1,405,0,0,0,0,0,0,0,0,0,0,0,0,0,0,0,2501,10,405,18014598541772518,0,,
0,48,9275,1,406,0,0,0,0,0,0,0,0,0,0,0,0,14,0,0,2501,10,406,18014598541772518,0,,
0,49,12039,1,407,0,0,0,0,0,0,0,0,0,0,0,0,0,0,0,2501,10,407,18014598541772518,0,,
0,147,28713,1,408,0,0,0,0,0,0,0,0,0,0,0,0,0,0,0,2501,10,408,18014598541772518,0,,
0,47,8690,1,409,0,0,0,0,0,0,0,0,0,0,0,0,0,0,0,2501,10,409,18014598541772518,0,,
0,361,36830,1,410,0,0,0,0,0,0,0,0,0,0,0,0,0,0,0,2501,10,410,18014598541772518,0,,
0,540,42551,1,411,0,0,0,0,0,0,0,0,0,0,0,0,0,0,0,2501,10,411,18014598541772518,0,,
0,487,40276,1,412,0,0,0,0,0,0,0,0,0,0,0,0,0,0,0,2501,10,412,18014598541772518,0,,
0,369,38191,1,413,0,0,0,0,0,0,0,0,0,0,0,0,0,0,0,2501,10,413,18014598541772518,0,,
0,350,34811,1,414,0,0,0,0,0,0,0,0,0,0,0,0,0,0,0,2501,10,414,18014598541772518,0,,
0,278,34661,1,415,0,0,0,0,0,0,0,0,0,0,0,0,0,0,0,2501,10,415,18014598541772518,0,,
0,444,34664,1,416,0,0,0,0,0,0,0,0,0,0,0,0,0,0,0,2501,10,416,18014598541772518,0,,
0,445,34360,1,417,0,0,0,0,0,0,0,0,0,0,0,0,0,0,0,2501,10,417,18014598541772518,0,,
0,447,34210,1,418,0,0,0,0,0,0,0,0,0,0,0,0,0,0,0,2501,10,418,18014598541772518,0,,
0,448,34211,1,419,0,0,0,0,0,0,0,0,0,0,0,0,0,0,0,2501,10,419,18014598541772518,0,,
0,449,34212,1,420,0,0,0,0,0,0,0,0,0,0,0,0,0,0,0,2501,10,420,18014598541772518,0,,
0,171,33546,1,421,0,0,0,0,0,0,0,0,0,0,0,0,0,0,0,2501,10,421,18014598541772518,0,,
0,170,30660,1,422,0,0,0,0,0,0,0,0,0,0,0,0,0,0,0,2501,10,422,18014598541772518,0,,
0,174,26088,1,423,0,0,0,0,0,0,0,0,0,0,0,0,0,0,0,2501,10,423,18014598541772518,0,,
0,515,24411,1,424,0,0,0,0,0,0,0,0,0,0,0,0,0,0,0,2501,10,424,18014598541772518,0,,
0,173,20863,1,425,0,0,0,0,0,0,0,0,0,0,0,0,0,0,0,2501,10,425,18014598541772518,0,,
0,404,18795,1,426,0,0,0,0,0,0,0,0,0,0,0,0,0,0,0,2501,10,426,18014598541772518,0,,
0,339,37081,1,427,0,0,0,0,0,0,0,0,0,0,0,0,0,0,0,2501,10,427,18014598541772518,0,,
0,35,9293,1,428,0,0,0,0,0,0,0,0,0,0,0,0,0,0,0,2501,10,428,18014598541772518,0,,
0,301,35997,1,429,0,0,0,0,0,0,0,0,0,0,0,0,0,0,0,2501,10,429,18014598541772518,0,,
0,549,44594,1,430,0,0,0,0,0,0,0,0,0,0,0,0,0,0,0,2501,10,430,18014598541772518,0,,
0,539,42556,1,431,0,0,0,0,0,0,0,0,0,0,0,0,0,0,0,2501,10,431,18014598541772518,0,,
0,533,42558,1,432,0,0,0,0,0,0,0,0,0,0,0,0,0,0,0,2501,10,432,18014598541772518,0,,
0,373,38197,1,433,0,0,0,0,0,0,0,0,0,0,0,0,0,0,0,2501,10,433,18014598541772518,0,,
0,280,34665,1,434,0,0,0,0,0,0,0,0,0,0,0,0,0,0,0,2501,10,434,18014598541772518,0,,
0,281,34666,1,435,0,0,0,0,0,0,0,0,0,0,0,0,0,0,0,2501,10,435,18014598541772518,0,,
0,262,34667,1,436,0,0,0,0,0,0,0,0,0,0,0,0,0,0,0,2501,10,436,18014598541772518,0,,
0,451,34215,1,437,0,0,0,0,0,0,0,0,0,0,0,0,0,0,0,2501,10,437,18014598541772518,0,,
0,452,34216,1,438,0,0,0,0,0,0,0,0,0,0,0,0,0,0,0,2501,10,438,18014598541772518,0,,
0,178,32626,1,439,0,0,0,0,0,0,0,0,0,0,0,0,0,0,0,2501,10,439,18014598541772518,0,,
0,453,26414,1,440,0,0,0,0,0,0,0,0,0,0,0,0,0,0,0,2501,10,440,18014598541772518,0,,
0,516,24417,1,441,0,0,0,0,0,0,0,0,0,0,0,0,0,0,0,2501,10,441,18014598541772518,0,,
0,517,24419,1,442,0,0,0,0,0,0,0,0,0,0,0,0,0,0,0,2501,10,442,18014598541772518,0,,
0,407,18798,1,443,0,0,0,0,0,0,0,0,0,0,0,0,0,0,0,2501,10,443,18014598541772518,0,,
0,408,18799,1,444,0,0,0,0,0,0,0,0,0,0,0,0,0,0,0,2501,10,444,18014598541772518,0,,
0,247,18800,1,445,0,0,0,0,0,0,0,0,0,0,0,0,0,0,0,2501,10,445,18014598541772518,0,,
0,409,18642,1,446,0,0,0,0,0,0,0,0,0,0,0,0,0,0,0,2501,10,446,18014598541772518,0,,
0,410,18643,1,447,0,0,0,0,0,0,0,0,0,0,0,0,0,0,0,2501,10,447,18014598541772518,0,,
0,246,18487,1,448,0,0,0,0,0,0,0,0,0,0,0,0,0,0,0,2501,10,448,18014598541772518,0,,
0,163,17679,1,449,0,0,0,0,0,0,0,0,0,0,0,0,0,0,0,2501,10,449,18014598541772518,0,,
0,332,37082,1,450,0,0,0,0,0,0,0,0,0,0,0,0,0,0,0,2501,10,450,18014598541772518,0,,
0,104,9292,1,451,0,0,0,0,0,0,0,0,0,0,0,0,0,0,0,2501,10,451,18014598541772518,0,,
0,663,42559,1,452,0,0,0,0,0,0,0,0,0,0,0,0,0,0,0,2501,10,452,18014598541772518,0,,
0,534,42563,1,453,0,0,0,0,0,0,0,0,0,0,0,0,0,0,0,2501,10,453,18014598541772518,0,,
0,662,39699,1,454,0,1,0,0,0,0,0,0,0,0,0,0,0,0,0,2501,10,454,18014598541772518,0,,
0,374,39006,1,455,0,0,0,0,0,0,0,0,0,0,0,0,0,0,0,2501,10,455,18014598541772518,0,,
0,333,38202,1,456,0,0,0,0,0,0,0,0,0,0,0,0,0,0,0,2501,10,456,18014598541772518,0,,
0,353,34820,1,457,0,0,0,0,0,0,0,0,0,0,0,0,0,0,0,2501,10,457,18014598541772518,0,,
0,354,34824,1,458,0,0,0,0,0,0,0,0,0,0,0,0,0,0,0,2501,10,458,18014598541772518,0,,
0,454,34374,1,459,0,0,0,0,0,0,0,0,0,0,0,0,0,0,0,2501,10,459,18014598541772518,0,,
0,455,34220,1,460,0,0,0,0,0,0,0,0,0,0,0,0,0,0,0,2501,10,460,18014598541772518,0,,
0,456,34221,1,461,0,0,0,0,0,0,0,0,0,0,0,0,0,0,0,2501,10,461,18014598541772518,0,,
0,457,34222,1,462,0,0,0,0,0,0,0,0,0,0,0,0,0,0,0,2501,10,462,18014598541772518,0,,
0,458,34224,1,463,0,0,0,0,0,0,0,0,0,0,0,0,0,0,0,2501,10,463,18014598541772518,0,,
0,661,34149,1,464,0,1,0,0,0,0,0,0,0,0,0,0,0,0,0,2501,10,464,18014598541772518,0,,
0,664,31811,1,465,0,0,0,0,0,0,0,0,0,0,0,0,0,0,0,2501,10,465,18014598541772518,0,,
0,250,32632,1,466,0,0,0,0,0,0,0,0,0,0,0,0,0,0,0,2501,10,466,18014598541772518,0,,
0,519,24420,1,467,0,0,0,0,0,0,0,0,0,0,0,0,0,0,0,2501,10,467,18014598541772518,0,,
0,520,24421,1,468,0,0,0,0,0,0,0,0,0,0,0,0,0,0,0,2501,10,468,18014598541772518,0,,
0,521,24424,1,469,0,0,0,0,0,0,0,0,0,0,0,0,0,0,0,2501,10,469,18014598541772518,0,,
0,411,18804,1,470,0,0,0,0,0,0,0,0,0,0,0,0,0,0,0,2501,10,470,18014598541772518,0,,
0,412,18805,1,471,0,0,0,0,0,0,0,0,0,0,0,0,0,0,0,2501,10,471,18014598541772518,0,,
0,254,19745,1,472,0,1,0,0,0,0,0,0,0,0,0,0,0,0,0,2501,10,472,18014598541772518,0,,
0,21,9294,1,473,0,0,0,0,0,0,0,0,0,0,0,0,0,0,0,2501,10,473,18014598541772518,0,,
0,537,42565,1,474,0,0,0,0,0,0,0,0,0,0,0,0,0,0,0,2501,10,474,18014598541772518,0,,
0,547,42566,1,475,0,0,0,0,0,0,0,0,0,0,0,0,0,0,0,2501,10,475,18014598541772518,0,,
0,666,39704,1,476,0,1,0,0,0,0,0,0,0,0,0,0,0,0,0,2501,10,476,18014598541772518,0,,
0,355,34849,1,477,0,0,0,0,0,0,0,0,0,0,0,0,0,0,0,2501,10,477,18014598541772518,0,,
0,282,34675,1,478,0,0,0,0,0,0,0,0,0,0,0,0,0,0,0,2501,10,478,18014598541772518,0,,
0,283,34679,1,479,0,0,0,0,0,0,0,0,0,0,0,0,0,0,0,2501,10,479,18014598541772518,0,,
0,459,34376,1,480,0,0,0,0,0,0,0,0,0,0,0,0,0,0,0,2501,10,480,18014598541772518,0,,
0,461,34226,1,481,0,0,0,0,0,0,0,0,0,0,0,0,0,0,0,2501,10,481,18014598541772518,0,,
0,462,34227,1,482,0,0,0,0,0,0,0,0,0,0,0,0,0,0,0,2501,10,482,18014598541772518,0,,
0,463,34229,1,483,0,0,0,0,0,0,0,0,0,0,0,0,0,0,0,2501,10,483,18014598541772518,0,,
0,665,34154,1,484,0,1,0,0,0,0,0,0,0,0,0,0,0,0,0,2501,10,484,18014598541772518,0,,
0,667,31812,1,485,0,0,0,0,0,0,0,0,0,0,0,0,0,0,0,2501,10,485,18014598541772518,0,,
0,465,26423,1,486,0,0,0,0,0,0,0,0,0,0,0,0,0,0,0,2501,10,486,18014598541772518,0,,
0,466,26425,1,487,0,0,0,0,0,0,0,0,0,0,0,0,0,0,0,2501,10,487,18014598541772518,0,,
0,523,24426,1,488,0,0,0,0,0,0,0,0,0,0,0,0,0,0,0,2501,10,488,18014598541772518,0,,
0,413,18808,1,489,0,0,0,0,0,0,0,0,0,0,0,0,0,0,0,2501,10,489,18014598541772518,0,,
0,414,18809,1,490,0,0,0,0,0,0,0,0,0,0,0,0,0,0,0,2501,10,490,18014598541772518,0,,
0,185,19746,1,491,0,0,0,0,0,0,0,0,0,0,0,0,0,0,0,2501,10,491,18014598541772518,0,,
0,22,9295,1,492,0,0,0,0,0,0,0,0,0,0,0,0,0,0,0,2501,10,492,18014598541772518,0,,
3200,0,39844,1,5010,27450,0,20,0,0,0,0,9,0,0,0,0,0,0,0,3200,5,0,18014598541772518,0,4,Miner
3200,1,2560,1,8650,24192,0,0,0,0,0,0,0,0,0,0,0,0,0,0,3200,5,1,18014598541772518,0,,
3200,2,2507,1,0,30000,0,0,0,0,0,0,0,0,0,0,0,0,0,0,3200,5,2,18014598541772518,0,10,Culinarian
3200,3,2380,1,6866,29723,0,0,0,0,0,0,0,0,0,0,0,0,0,0,3200,5,3,18014598541772518,0,13,Armorer
3200,4,2464,1,10000,30000,0,0,0,0,0,0,0,0,0,0,0,0,0,0,3200,5,4,18014598541772518,0,9,Weaver
3200,5,36707,1,307,30000,1,0,0,0,0,0,0,0,0,0,0,0,0,0,3200,5,5,18014598541772518,0,,
3200,6,2332,1,1807,27950,0,0,0,0,0,0,0,0,0,0,0,0,0,0,3200,5,6,18014598541772518,0,6,Carpenter
3200,7,2355,1,3788,27208,0,0,0,0,0,0,0,0,0,0,0,0,0,0,3200,5,7,18014598541772518,0,,
3200,8,2481,1,7356,27588,1,0,0,0,0,0,0,0,0,0,0,0,0,0,3200,5,8,18014598541772518,0,7,Alchemist
3200,9,2328,1,8569,16999,0,0,0,0,0,0,0,0,0,0,0,0,0,0,3200,5,9,18014598541772518,0,,
3200,10,39845,1,6190,24849,0,0,0,0,0,0,0,0,0,0,0,0,0,0,3200,5,10,18014598541772518,0,3,Botanist
3201,0,46057,1,1,27705,1,0,0,0,0,0,0,0,0,0,0,101,108,8557,3201,5,0,18014598541772518,0,,
3201,1,42999,1,5228,29769,0,14,16,0,0,0,11,11,0,0,0,0,0,36826,3201,5,1,18014598541772518,0,2,Red Mage
3201,2,2652,1,8579,21395,0,0,0,0,0,0,0,0,0,0,0,29,0,0,3201,5,2,18014598541772518,0,7;8;9;10;11;12;13,Alchemist;Goldsmith;Weaver;Culinarian;Leatherworker;Blacksmith;Armorer
3201,3,17326,1,1,30000,0,0,0,0,0,0,0,0,0,0,0,0,0,0,3201,5,3,18014598541772518,0,,
3201,4,2658,1,5697,26135,0,0,0,0,0,0,0,0,0,0,0,60,0,0,3201,5,4,18014598541772518,0,,
3201,5,39851,1,1,25650,0,20,0,0,0,0,9,0,0,0,0,0,0,17545,3201,5,5,18014598541772518,0,3;4,Botanist;Miner
3201,6,11955,1,1,30000,1,0,0,0,0,0,0,0,0,0,0,0,0,0,3201,5,6,18014598541772518,0,6,Carpenter
3201,7,47833,1,7499,36293,0,0,0,0,0,0,0,0,0,0,0,101,108,8557,3201,5,7,18014598541772518,0,,
3201,8,2727,1,3246,26359,1,0,0,0,0,0,0,0,0,0,0,0,0,0,3201,5,8,18014598541772518,0,,
3201,9,8567,1,0,30000,0,0,0,0,0,0,0,0,0,0,0,0,0,0,3201,5,9,18014598541772518,0,,
3201,10,46523,1,10000,25710,0,25,25,0,0,0,11,11,0,0,0,101,108,8557,3201,5,10,18014598541772518,0,,
3201,18,42661,1,3139,27195,0,0,0,0,0,0,0,0,0,0,0,0,0,0,3201,5,18,18014598541772518,0,,
3201,19,42922,1,2835,26835,1,0,0,0,0,0,0,0,0,0,0,0,0,36826,3201,5,19,18014598541772518,0,,
3202,0,3014,1,8599,24308,0,0,0,0,0,0,0,0,0,0,0,29,0,0,3202,5,0,18014598541772518,0,8;11;13,Goldsmith;Leatherworker;Armorer
3202,1,42662,1,3111,27855,0,0,0,0,0,0,0,0,0,0,0,0,0,0,3202,5,1,18014598541772518,0,,
3202,2,17327,1,1,30000,0,0,0,0,0,0,0,0,0,0,0,0,0,0,3202,5,2,18014598541772518,0,,
3202,3,47834,1,10000,41261,0,25,25,0,0,0,11,11,0,0,0,102,123,41561,3202,5,3,18014598541772518,0,,
3202,4,27675,1,8690,24652,1,0,0,0,0,0,0,0,0,0,0,0,0,0,3202,5,4,18014598541772518,0,9,Weaver
3202,5,42923,1,8844,29843,1,0,0,0,0,0,0,0,0,0,0,0,0,36831,3202,5,5,18014598541772518,0,2,Red Mage
3202,6,2959,1,10000,28711,0,0,0,0,0,0,0,0,0,0,0,10,0,0,3202,5,6,18014598541772518,0,,
3202,8,39852,1,1,27100,0,20,0,0,0,0,9,0,0,0,0,0,0,0,3202,5,8,18014598541772518,0,3;4,Botanist;Miner
3202,9,11960,1,1,30000,1,0,0,0,0,0,0,0,0,0,0,102,123,41561,3202,5,9,18014598541772518,0,6,Carpenter
3202,26,46058,1,1,48762,1,0,0,0,0,0,0,0,0,0,0,101,0,37197,3202,5,26,18014598541772518,0,,
3203,0,42924,1,8819,29764,1,0,0,0,0,0,0,0,0,0,0,0,0,36828,3203,5,0,18014598541772518,0,2,Red Mage
3203,1,39853,1,1,25650,0,20,0,0,0,0,9,0,0,0,0,0,0,10034,3203,5,1,18014598541772518,0,3;4,Botanist;Miner
3203,2,17328,1,1,30000,0,0,0,0,0,0,0,0,0,0,0,0,0,0,3203,5,2,18014598541772518,0,,
3203,3,47835,1,10000,36105,0,25,25,0,0,0,11,11,0,0,0,0,0,10034,3203,5,3,18014598541772518,0,,
3203,4,43150,1,1,49942,0,0,0,0,0,0,0,0,0,0,0,101,113,38213,3203,5,4,18014598541772518,0,,
3203,5,3532,1,4328,27925,0,0,0,0,0,0,0,0,0,0,0,46,0,0,3203,5,5,18014598541772518,0,,
3203,6,3533,1,8561,21466,0,0,0,0,0,0,0,0,0,0,0,74,0,0,3203,5,6,18014598541772518,0,6;7;8;9;10;11;12;13,Carpenter;Alchemist;Goldsmith;Weaver;Culinarian;Leatherworker;Blacksmith;Armorer
3203,7,49399,1,10000,29541,0,0,0,0,0,0,0,0,0,0,0,0,0,10034,3203,5,7,18014598541772518,0,,
3203,8,11995,1,1,29763,1,0,0,0,0,0,0,0,0,0,0,0,0,10034,3203,5,8,18014598541772518,0,,
3203,21,42663,1,3128,27150,0,0,0,0,0,0,0,0,0,0,0,0,0,0,3203,5,21,18014598541772518,0,,
3203,22,46426,1,2907,37073,0,25,25,0,0,0,11,11,0,0,0,101,113,38213,3203,5,22,18014598541772518,0,,
3203,23,44632,1,10000,25780,0,25,25,0,0,0,11,11,0,0,0,101,113,38213,3203,5,23,18014598541772518,0,,
3203,24,42919,1,2206,27683,1,25,25,25,14,14,11,11,11,10,10,101,113,38213,3203,5,24,18014598541772518,0,,
3205,0,42925,1,8725,29764,1,0,0,0,0,0,0,0,0,0,0,0,0,36829,3205,5,0,18014598541772518,0,2,Red Mage
3205,1,47836,1,9767,36313,0,0,0,0,0,0,0,0,0,0,0,102,0,38214,3205,5,1,18014598541772518,0,,
3205,2,39854,1,1,25650,0,20,0,0,0,0,9,0,0,0,0,0,0,0,3205,5,2,18014598541772518,0,3;4,Botanist;Miner
3205,3,3310,1,10000,23307,0,0,0,0,0,0,0,0,0,0,0,34,0,0,3205,5,3,18014598541772518,0,7;8;9;10;11;12;13,Alchemist;Goldsmith;Weaver;Culinarian;Leatherworker;Blacksmith;Armorer
3205,4,17329,1,1,30000,0,0,0,0,0,0,0,0,0,0,0,0,0,0,3205,5,4,18014598541772518,0,,
3205,5,43074,1,10000,45130,0,25,25,0,0,0,11,11,0,0,0,101,108,41593,3205,5,5,18014598541772518,0,,
3205,6,11973,1,1,30000,1,0,0,0,0,0,0,0,0,0,0,102,0,38214,3205,5,6,18014598541772518,0,6,Carpenter
3205,7,46526,1,10000,29555,0,25,25,0,0,0,11,11,0,0,0,102,0,38214,3205,5,7,18014598541772518,0,,
3205,19,42664,1,2955,27083,0,0,0,0,0,0,0,0,0,0,0,0,0,0,3205,5,19,18014598541772518,0,,
3205,20,3310,1,8630,21421,0,0,0,0,0,0,0,0,0,0,0,81,0,0,3205,5,20,18014598541772518,0,7;8;9;10;11;12;13,Alchemist;Goldsmith;Weaver;Culinarian;Leatherworker;Blacksmith;Armorer
3206,0,42926,1,8874,29780,1,0,0,0,0,0,0,0,0,0,0,0,0,36830,3206,5,0,18014598541772518,0,2,Red Mage
3206,1,3771,1,10000,22875,0,0,0,0,0,0,0,0,0,0,0,11,0,0,3206,5,1,18014598541772518,0,9,Weaver
3206,2,17330,1,1,30000,0,0,0,0,0,0,0,0,0,0,0,0,0,0,3206,5,2,18014598541772518,0,,
3206,3,46061,1,10000,33000,1,15,15,15,15,15,11,11,11,10,10,101,108,24006,3206,5,3,18014598541772518,0,,
3206,4,39855,1,1,25650,0,20,0,0,0,0,9,0,0,0,0,0,0,0,3206,5,4,18014598541772518,0,3;4,Botanist;Miner
3206,5,47837,1,10000,29535,0,0,0,0,0,0,0,0,0,0,0,0,0,30761,3206,5,5,18014598541772518,0,,
3206,6,43152,1,10000,46734,0,25,25,0,0,0,11,11,0,0,0,101,108,24006,3206,5,6,18014598541772518,0,,
3206,7,11979,1,1,30000,1,0,0,0,0,0,0,0,0,0,0,0,0,30761,3206,5,7,18014598541772518,0,6,Carpenter
3206,17,42665,1,2845,27195,0,0,0,0,0,0,0,0,0,0,0,0,0,0,3206,5,17,18014598541772518,0,,
3207,0,43162,1,4582,29691,0,15,14,0,0,0,11,11,0,0,0,0,0,9293,3207,5,0,18014598541772518,0,2,Red Mage
3207,1,34139,1,10000,30000,1,0,0,0,0,0,0,0,0,0,0,0,0,0,3207,5,1,18014598541772518,0,,
3207,2,25692,1,1,30000,1,0,0,0,0,0,0,0,0,0,0,0,0,9293,3207,5,2,18014598541772518,0,,
3207,3,18093,1,1,30000,1,0,0,0,0,0,0,0,0,0,0,0,0,0,3207,5,3,18014598541772518,0,,
3207,4,39860,1,1,22750,0,20,0,0,0,0,9,0,0,0,0,0,0,9293,3207,5,4,18014598541772518,0,3;4,Botanist;Miner
3207,5,18095,1,2641,30000,1,0,0,0,0,0,0,0,0,0,0,0,0,0,3207,5,5,18014598541772518,0,,
3207,6,46536,1,10000,42000,0,25,25,0,0,0,11,11,0,0,0,0,0,9293,3207,5,6,18014598541772518,0,,
3207,7,43161,1,10000,20203,0,25,25,0,0,0,11,11,0,0,0,0,0,35997,3207,5,7,18014598541772518,0,,
3207,8,4205,1,9434,10466,0,0,0,0,0,0,0,0,0,0,0,0,0,0,3207,5,8,18014598541772518,0,13,Armorer
3207,9,25692,1,10000,30000,1,0,0,0,0,0,0,0,0,0,0,0,0,0,3207,5,9,18014598541772518,0,,
3207,10,12030,1,1,29688,1,0,0,0,0,0,0,0,0,0,0,0,0,9293,3207,5,10,18014598541772518,0,,
3207,11,4231,1,2515,28228,0,0,0,0,0,0,0,0,0,0,0,0,0,9293,3207,5,11,18014598541772518,0,6;8;9,Carpenter;Goldsmith;Weaver
3207,12,49410,1,10000,19041,0,0,0,0,0,0,0,0,0,0,0,0,0,9293,3207,5,12,18014598541772518,0,,
3207,13,35464,1,1952,30000,1,0,0,0,0,0,0,0,0,0,0,0,0,0,3207,5,13,18014598541772518,0,,
3207,14,18406,1,0,30000,1,0,0,0,0,0,0,0,0,0,0,0,0,0,3207,5,14,18014598541772518,0,,
3207,15,31809,1,3192,30000,0,0,0,0,0,0,0,0,0,0,0,0,0,9293,3207,5,15,18014598541772518,0,,
3207,20,46437,1,7612,42325,0,15,0,0,0,0,11,0,0,0,0,0,0,35997,3207,5,20,18014598541772518,0,,
3208,0,18098,1,1,30000,1,0,0,0,0,0,0,0,0,0,0,0,0,0,3208,5,0,18014598541772518,0,,
3208,1,34144,1,10000,30000,1,0,0,0,0,0,0,0,0,0,0,0,0,0,3208,5,1,18014598541772518,0,,
3208,2,35465,1,1955,30000,1,0,0,0,0,0,0,0,0,0,0,0,0,0,3208,5,2,18014598541772518,0,,
3208,3,4332,1,3434,28224,0,0,0,0,0,0,0,0,0,0,0,0,0,9292,3208,5,3,18014598541772518,0,8;9,Goldsmith;Weaver
3208,4,42936,1,8970,29715,1,0,0,0,0,0,0,0,0,0,0,0,0,9292,3208,5,4,18014598541772518,0,2,Red Mage
3208,5,18100,1,2594,30000,1,0,0,0,0,0,0,0,0,0,0,0,0,0,3208,5,5,18014598541772518,0,,
3208,6,4308,1,6857,15421,0,0,0,0,0,0,0,0,0,0,0,0,0,0,3208,5,6,18014598541772518,0,13,Armorer
3208,7,31810,1,10000,30000,0,0,0,0,0,0,0,0,0,0,0,0,0,9292,3208,5,7,18014598541772518,0,,
3208,8,43089,1,10000,42204,0,25,25,0,0,0,11,11,0,0,0,0,0,9292,3208,5,8,18014598541772518,0,,
3208,9,46075,1,10000,40390,1,25,25,15,15,25,11,11,10,10,10,0,0,9292,3208,5,9,18014598541772518,0,,
3208,10,25697,1,10000,30000,1,0,0,0,0,0,0,0,0,0,0,0,0,9292,3208,5,10,18014598541772518,0,,
3208,11,4313,1,2883,25094,0,0,0,0,0,0,0,0,0,0,0,0,0,0,3208,5,11,18014598541772518,0,,
3208,12,39861,1,1,22750,0,20,0,0,0,0,9,0,0,0,0,0,0,9292,3208,5,12,18014598541772518,0,3;4,Botanist;Miner
3208,13,12012,1,1,30000,1,0,0,0,0,0,0,0,0,0,0,0,0,9292,3208,5,13,18014598541772518,0,6,Carpenter
3208,14,4308,1,0,30000,0,0,0,0,0,0,0,0,0,0,0,0,0,0,3208,5,14,18014598541772518,0,13,Armorer
3209,0,46080,1,10000,43667,1,25,25,25,25,25,11,11,10,10,10,0,0,9294,3209,5,0,18014598541772518,0,,
3209,1,18103,1,1,30000,1,0,0,0,0,0,0,0,0,0,0,0,0,0,3209,5,1,18014598541772518,0,,
3209,2,39862,1,1,22750,0,20,0,0,0,0,9,0,0,0,0,0,0,9294,3209,5,2,18014598541772518,0,3;4,Botanist;Miner
3209,3,43172,1,4459,29685,0,15,16,0,0,0,11,11,0,0,0,0,0,9294,3209,5,3,18014598541772518,0,2,Red Mage
3209,4,43171,1,10000,42329,0,25,25,0,0,0,11,11,0,0,0,0,0,9294,3209,5,4,18014598541772518,0,,
3209,5,8278,1,0,30000,0,0,0,0,0,0,0,0,0,0,0,0,0,0,3209,5,5,18014598541772518,0,,
3209,6,4095,1,2882,25109,0,0,0,0,0,0,0,0,0,0,0,0,0,0,3209,5,6,18014598541772518,0,,
3209,7,12026,1,1,29686,1,0,0,0,0,0,0,0,0,0,0,0,0,9294,3209,5,7,18014598541772518,0,,
3209,8,4099,1,6329,15418,0,0,0,0,0,0,0,0,0,0,0,0,0,0,3209,5,8,18014598541772518,0,,
3209,9,4105,1,3447,28217,0,0,0,0,0,0,0,0,0,0,0,0,0,9294,3209,5,9,18014598541772518,0,6;8;9;13,Carpenter;Goldsmith;Weaver;Armorer
3209,10,34298,1,10000,30000,1,0,0,0,0,0,0,0,0,0,0,0,0,9294,3209,5,10,18014598541772518,0,,
3209,11,18105,1,2661,30000,1,0,0,0,0,0,0,0,0,0,0,0,0,0,3209,5,11,18014598541772518,0,,
3209,12,35466,1,1954,30000,1,0,0,0,0,0,0,0,0,0,0,0,0,0,3209,5,12,18014598541772518,0,,
3209,13,49420,1,10000,24330,0,0,0,0,0,0,0,0,0,0,0,0,0,9294,3209,5,13,18014598541772518,0,,
3209,14,25702,1,10000,30000,1,0,0,0,0,0,0,0,0,0,0,0,0,9294,3209,5,14,18014598541772518,0,,
3300,0,25707,1,10000,30000,1,0,0,0,0,0,0,0,0,0,0,0,0,9295,3300,5,0,18014598541772518,0,,
3300,1,31812,1,0,30000,0,0,0,0,0,0,0,0,0,0,0,0,0,0,3300,5,1,18014598541772518,0,,
3300,2,34154,1,10000,30000,1,0,0,0,0,0,0,0,0,0,0,0,0,0,3300,5,2,18014598541772518,0,,
3300,3,42946,1,8833,29715,1,0,0,0,0,0,0,0,0,0,0,0,0,9295,3300,5,3,18014598541772518,0,2,Red Mage
3300,4,4431,1,2898,25143,0,0,0,0,0,0,0,0,0,0,0,0,0,0,3300,5,4,18014598541772518,0,,
3300,5,18110,1,7699,41993,1,0,0,0,0,0,0,0,0,0,0,0,0,0,3300,5,5,18014598541772518,0,,
3300,6,18110,1,7436,42279,1,0,0,0,0,0,0,0,0,0,0,0,0,0,3300,5,6,18014598541772518,0,,
3300,7,46085,1,10000,40847,1,25,25,25,25,25,11,11,10,10,10,0,0,9295,3300,5,7,18014598541772518,0,,
3300,8,18108,1,1,30000,1,0,0,0,0,0,0,0,0,0,0,0,0,0,3300,5,8,18014598541772518,0,,
3300,9,18108,1,1,30000,0,0,0,0,0,0,0,0,0,0,0,0,0,0,3300,5,9,18014598541772518,0,,
3300,10,46452,1,10000,29334,0,15,0,0,0,0,11,0,0,0,0,0,0,9295,3300,5,10,18014598541772518,0,,
3300,11,42946,1,8700,29706,1,0,0,0,0,0,0,0,0,0,0,0,0,9295,3300,5,11,18014598541772518,0,2,Red Mage
3300,12,39863,1,1,22750,0,20,0,0,0,0,9,0,0,0,0,0,0,9295,3300,5,12,18014598541772518,0,3;4,Botanist;Miner
3300,13,49579,1,10000,29400,0,15,25,0,0,0,11,11,0,0,0,0,0,9295,3300,5,13,18014598541772518,0,,
3300,14,35467,1,1954,30000,1,0,0,0,0,0,0,0,0,0,0,0,0,0,3300,5,14,18014598541772518,0,,
3300,15,39863,1,1,22750,0,20,0,0,0,0,9,0,0,0,0,0,0,9295,3300,5,15,18014598541772518,0,3;4,Botanist;Miner
3300,16,12033,1,1,29688,1,0,0,0,0,0,0,0,0,0,0,0,0,9295,3300,5,16,18014598541772518,0,,
3300,17,4431,1,2887,25134,0,0,0,0,0,0,0,0,0,0,0,0,0,0,3300,5,17,18014598541772518,0,,
3300,18,12020,1,1,30000,1,0,0,0,0,0,0,0,0,0,0,0,0,9295,3300,5,18,18014598541772518,0,6,Carpenter
3300,19,4440,1,3431,28226,0,0,0,0,0,0,0,0,0,0,0,0,0,9295,3300,5,19,18014598541772518,0,6;8;9;13,Carpenter;Goldsmith;Weaver;Armorer
3300,20,49480,1,9735,29406,0,0,0,0,0,0,0,0,0,0,0,0,0,9295,3300,5,20,18014598541772518,0,,
3300,21,25707,1,10000,30000,1,0,0,0,0,0,0,0,0,0,0,0,0,0,3300,5,21,18014598541772518,0,,
3300,22,4440,1,3448,28230,0,0,0,0,0,0,0,0,0,0,0,0,0,9295,3300,5,22,18014598541772518,0,6;8;9;13,Carpenter;Goldsmith;Weaver;Armorer
3300,23,35467,1,1953,30000,1,0,0,0,0,0,0,0,0,0,0,0,0,0,3300,5,23,18014598541772518,0,,
3400,0,4550,1,0,30000,0,0,0,0,0,0,0,0,0,0,0,0,0,0,3400,5,0,18014598541772518,0,,
3400,1,4549,1,0,30000,0,0,0,0,0,0,0,0,0,0,0,0,0,0,3400,5,1,18014598541772518,0,,
3400,3,25216,1,0,30000,0,0,0,0,0,0,0,0,0,0,0,0,0,0,3400,5,3,18014598541772518,0,,
3400,4,22747,1,0,30000,0,0,0,0,0,0,0,0,0,0,0,0,0,0,3400,5,4,18014598541772518,0,,
3400,5,7886,1,0,30000,0,0,0,0,0,0,0,0,0,0,0,0,0,0,3400,5,5,18014598541772518,0,,
3400,6,8839,1,0,30000,0,0,0,0,0,0,0,0,0,0,0,0,0,0,3400,5,6,18014598541772518,0,,
3400,7,17740,1,0,30000,0,0,0,0,0,0,0,0,0,0,0,0,0,0,3400,5,7,18014598541772518,0,2,Red Mage
3400,8,25217,1,0,30000,0,0,0,0,0,0,0,0,0,0,0,0,0,0,3400,5,8,18014598541772518,0,,
3400,9,33355,1,0,30000,0,0,0,0,0,0,0,0,0,0,0,0,0,0,3400,5,9,18014598541772518,0,,
3400,10,4546,1,0,30000,0,0,0,0,0,0,0,0,0,0,0,0,0,0,3400,5,10,18014598541772518,0,,
3400,11,4542,1,0,30000,0,0,0,0,0,0,0,0,0,0,0,0,0,0,3400,5,11,18014598541772518,0,,
3500,0,10400,1,0,30000,0,0,0,0,0,0,0,0,0,0,0,0,0,0,3500,5,0,18014598541772518,0,,
3500,1,42884,1,8898,29780,1,0,0,0,0,0,0,0,0,0,0,0,0,0,3500,5,1,18014598541772518,0,2,Red Mage
3500,2,2185,1,0,30000,0,0,0,0,0,0,0,0,0,0,0,0,0,0,3500,5,2,18014598541772518,0,,
3500,3,46022,1,10000,31517,1,0,0,0,0,0,0,0,0,0,0,0,0,16062,3500,5,3,18014598541772518,0,,
3500,4,2352,1,396,26913,0,0,0,0,0,0,0,0,0,0,0,0,0,0,3500,5,4,18014598541772518,0,12,Blacksmith
3500,5,18038,1,1,30000,0,0,0,0,0,0,0,0,0,0,0,0,0,0,3500,5,5,18014598541772518,0,,
3500,6,2574,1,380,30000,0,0,0,0,0,0,0,0,0,0,0,0,0,0,3500,5,6,18014598541772518,0,,
3500,7,2467,1,6275,27578,0,0,0,0,0,0,0,0,0,0,0,0,0,0,3500,5,7,18014598541772518,0,7,Alchemist
3500,8,47018,1,10000,35475,0,25,25,0,0,0,11,11,0,0,0,0,0,0,3500,5,8,18014598541772518,0,,
3500,9,45596,1,4627,27916,0,0,0,0,0,0,0,0,0,0,0,0,0,0,3500,5,9,18014598541772518,0,,
3500,10,2417,1,10000,26095,1,0,0,0,0,0,0,0,0,0,0,0,0,0,3500,5,10,18014598541772518,0,11,Leatherworker
3500,11,2545,1,1,30000,0,0,0,0,0,0,0,0,0,0,0,0,0,0,3500,5,11,18014598541772518,0,,
3500,12,35778,1,3123,30000,1,0,0,0,0,0,0,0,0,0,0,0,0,0,3500,5,12,18014598541772518,0,,
3500,13,43113,1,3322,44954,0,0,0,0,0,0,0,0,0,0,0,0,0,45059,3500,5,13,18014598541772518,0,,
3500,14,2319,1,2309,27939,1,0,0,0,0,0,0,0,0,0,0,0,0,0,3500,5,14,18014598541772518,0,6,Carpenter
3500,15,2453,1,9233,30000,0,0,0,0,0,0,0,0,0,0,0,0,0,0,3500,5,15,18014598541772518,0,9,Weaver
3500,16,2368,1,6405,29719,0,0,0,0,0,0,0,0,0,0,0,0,0,0,3500,5,16,18014598541772518,0,13,Armorer
3500,17,42583,1,2987,27038,0,0,0,0,0,0,0,0,0,0,0,0,0,0,3500,5,17,18014598541772518,0,,
3500,18,39833,1,5010,27450,0,20,0,0,0,0,9,0,0,0,0,0,0,0,3500,5,18,18014598541772518,0,4,Miner
3500,19,2493,1,344,29467,0,0,0,0,0,0,0,0,0,0,0,0,0,0,3500,5,19,18014598541772518,0,10,Culinarian
3500,20,2398,1,1039,28678,0,0,0,0,0,0,0,0,0,0,0,0,0,0,3500,5,20,18014598541772518,0,8,Goldsmith
3500,21,2314,1,8724,17152,0,0,0,0,0,0,0,0,0,0,0,0,0,0,3500,5,21,18014598541772518,0,,
3500,22,42581,1,0,30000,0,0,0,0,0,0,0,0,0,0,0,0,0,0,3500,5,22,18014598541772518,0,,
3500,23,39834,1,6190,24849,0,0,0,0,0,0,0,0,0,0,0,0,0,31722,3500,5,23,18014598541772518,0,3,Botanist
3500,24,1659,1,0,30000,0,0,0,0,0,0,0,0,0,0,0,0,0,0,3500,5,24,18014598541772518,0,,
3500,26,2571,1,1,30000,0,0,0,0,0,0,0,0,0,0,0,0,0,0,3500,5,26,18014598541772518,0,5,Fisher
3500,31,2347,1,0,30000,0,0,0,0,0,0,0,0,0,0,0,0,0,0,3500,5,31,18014598541772518,0,,
10000,0,39934,1,3645,37924,0,1405,1403,1404,0,0,7,7,2,0,0,0,0,0,10000,4,0,33777197235712755,13000,,
10000,1,40944,1,1,30000,0,1407,1403,1405,0,0,8,8,2,0,0,0,0,0,10000,4,1,33777197235712755,99,,
10000,2,21954,1,0,30000,0,0,0,0,0,0,0,0,0,0,0,0,0,0,10000,4,2,33777197235712755,5000,,
10000,3,17829,1,0,30000,0,0,0,0,0,0,0,0,0,0,0,0,0,0,10000,4,3,33777197235712755,22000,,
10000,4,21203,1,0,30000,0,0,0,0,0,0,0,0,0,0,0,0,0,0,10000,4,4,33777197235712755,4034,,
10000,5,21936,1,0,30000,0,0,0,0,0,0,0,0,0,0,0,0,0,0,10000,4,5,33777197235712755,0,,
10000,6,28590,1,0,30000,0,0,0,0,0,0,0,0,0,0,0,0,0,0,10000,4,6,33777197235712755,0,,
10000,7,30757,1,0,30000,0,0,0,0,0,0,0,0,0,0,0,0,0,0,10000,4,7,33777197235712755,0,,
10000,8,3881,1,1,30000,0,0,0,0,0,0,0,0,0,0,0,0,0,0,10000,4,8,33777197235712755,490,,
10000,9,28591,1,0,30000,0,0,0,0,0,0,0,0,0,0,0,0,0,0,10000,4,9,33777197235712755,5,,
10001,0,48161,1,0,30000,0,0,0,0,0,0,0,0,0,0,0,0,0,0,10001,4,0,33777197235712755,23280,,
10002,6,41768,30,0,30000,0,24,0,0,0,0,10,0,0,0,0,0,0,0,10002,4,6,33777197235712755,0,,
10002,7,41781,14,0,30000,0,24,0,0,0,0,11,0,0,0,0,0,0,0,10002,4,7,33777197235712755,0,,
10002,10,41761,7,0,30000,0,17,0,0,0,0,10,0,0,0,0,0,0,0,10002,4,10,33777197235712755,0,,
10002,11,41774,3,0,30000,0,17,0,0,0,0,11,0,0,0,0,0,0,0,10002,4,11,33777197235712755,56,,
10002,12,41757,8,0,30000,0,7,0,0,0,0,10,0,0,0,0,0,0,0,10002,4,12,33777197235712755,0,,
10002,13,41770,2,0,30000,0,7,0,0,0,0,11,0,0,0,0,0,0,0,10002,4,13,33777197235712755,25000,,
10002,14,41776,1,0,30000,0,19,0,0,0,0,11,0,0,0,0,0,0,0,10002,4,14,33777197235712755,0,,
10002,15,41766,1,0,30000,0,22,0,0,0,0,10,0,0,0,0,0,0,0,10002,4,15,33777197235712755,55,,
10002,16,7621,505,0,30000,0,0,0,0,0,0,0,0,0,0,0,0,0,0,10002,4,16,33777197235712755,55,,
10002,17,5729,114,0,30000,0,0,0,0,0,0,0,0,0,0,0,0,0,0,10002,4,17,33777197235712755,42000,,
10002,18,5730,9,0,30000,0,0,0,0,0,0,0,0,0,0,0,0,0,0,10002,4,18,33777197235712755,42000,,
10002,19,5733,3,0,30000,0,0,0,0,0,0,0,0,0,0,0,0,0,0,10002,4,19,33777197235712755,200,,
10002,20,5734,102,0,30000,0,0,0,0,0,0,0,0,0,0,0,0,0,0,10002,4,20,33777197235712755,0,,
10002,21,5735,6,0,30000,0,0,0,0,0,0,0,0,0,0,0,0,0,0,10002,4,21,33777197235712755,0,,
10002,22,5738,3,0,30000,0,0,0,0,0,0,0,0,0,0,0,0,0,0,10002,4,22,33777197235712755,0,,
10002,23,5740,3,0,30000,0,0,0,0,0,0,0,0,0,0,0,0,0,0,10002,4,23,33777197235712755,0,,
10002,24,5741,1,0,30000,0,0,0,0,0,0,0,0,0,0,0,0,0,0,10002,4,24,33777197235712755,0,,
10002,25,5742,2,0,30000,0,0,0,0,0,0,0,0,0,0,0,0,0,0,10002,4,25,33777197235712755,0,,
10002,26,5749,20,0,30000,0,0,0,0,0,0,0,0,0,0,0,0,0,0,10002,4,26,33777197235712755,0,,
10002,27,5753,3,0,30000,0,0,0,0,0,0,0,0,0,0,0,0,0,0,10002,4,27,33777197235712755,0,,
10002,28,5765,10,0,30000,0,0,0,0,0,0,0,0,0,0,0,0,0,0,10002,4,28,33777197235712755,0,,
10002,29,5784,2,0,30000,0,0,0,0,0,0,0,0,0,0,0,0,0,0,10002,4,29,33777197235712755,0,,
10002,30,5788,2,0,30000,0,0,0,0,0,0,0,0,0,0,0,0,0,0,10002,4,30,33777197235712755,0,,
10002,31,5796,92,0,30000,0,0,0,0,0,0,0,0,0,0,0,0,0,0,10002,4,31,33777197235712755,0,,
10002,32,5797,15,0,30000,0,0,0,0,0,0,0,0,0,0,0,0,0,0,10002,4,32,33777197235712755,0,,
10002,33,13114,1,0,30000,0,0,0,0,0,0,0,0,0,0,0,0,0,0,10002,4,33,33777197235712755,0,,
10002,34,13115,1,0,30000,0,0,0,0,0,0,0,0,0,0,0,0,0,0,10002,4,34,33777197235712755,0,,
10003,0,13708,2,0,30000,0,0,0,0,0,0,0,0,0,0,0,0,0,0,10003,4,0,33777197235712755,13000,,
10003,1,13710,1,0,30000,0,0,0,0,0,0,0,0,0,0,0,0,0,0,10003,4,1,33777197235712755,99,,
10003,2,13711,1,0,30000,0,0,0,0,0,0,0,0,0,0,0,0,0,0,10003,4,2,33777197235712755,5000,,
10003,3,13712,1,0,30000,0,0,0,0,0,0,0,0,0,0,0,0,0,0,10003,4,3,33777197235712755,22000,,
10003,4,13713,37,0,30000,0,0,0,0,0,0,0,0,0,0,0,0,0,0,10003,4,4,33777197235712755,3,,
10003,5,13714,1,0,30000,0,0,0,0,0,0,0,0,0,0,0,0,0,0,10003,4,5,33777197235712755,490,,
10003,6,13715,1,0,30000,0,0,0,0,0,0,0,0,0,0,0,0,0,0,10003,4,6,33777197235712755,55,,
10003,7,13716,3,0,30000,0,0,0,0,0,0,0,0,0,0,0,0,0,0,10003,4,7,33777197235712755,5,,
10003,8,13117,1,0,30000,0,0,0,0,0,0,0,0,0,0,0,0,0,0,10003,4,8,33777197235712755,15,,
10003,9,13717,1,0,30000,0,0,0,0,0,0,0,0,0,0,0,0,0,0,10003,4,9,33777197235712755,170,,
10003,10,48170,1,0,30000,0,0,0,0,0,0,0,0,0,0,0,0,0,0,10003,4,10,33777197235712755,35,,
10003,11,21803,2,0,30000,0,0,0,0,0,0,0,0,0,0,0,0,0,0,10003,4,11,33777197235712755,170,,
10003,12,21801,140,0,30000,0,0,0,0,0,0,0,0,0,0,0,0,0,0,10003,4,12,33777197235712755,35,,
10003,13,6369,1,1,30000,0,0,0,0,0,0,0,0,0,0,0,10,0,0,10003,4,13,33777197235712755,25000,,
10003,14,6370,1,1,30000,0,0,0,0,0,0,0,0,0,0,0,0,0,0,10003,4,14,33777197235712755,555,,
10003,15,6396,1,1,30000,0,0,0,0,0,0,0,0,0,0,0,10,0,0,10003,4,15,33777197235712755,55,,
10003,16,6408,1,1,30000,0,0,0,0,0,0,0,0,0,0,0,0,0,0,10003,4,16,33777197235712755,55,,
10003,17,6417,1,1,30000,0,0,0,0,0,0,0,0,0,0,0,0,0,0,10003,4,17,33777197235712755,42000,,
10003,18,6456,1,1,30000,0,0,0,0,0,0,0,0,0,0,0,0,0,0,10003,4,18,33777197235712755,42000,,
10003,19,20716,1,1,30000,0,0,0,0,0,0,0,0,0,0,0,0,0,0,10003,4,19,33777197235712755,200,,
10003,20,20716,1,1,30000,0,0,0,0,0,0,0,0,0,0,0,0,0,0,10003,4,20,33777197235712755,0,,
10003,21,21845,1,0,30000,0,0,0,0,0,0,0,0,0,0,0,0,0,0,10003,4,21,33777197235712755,0,,
10003,22,8791,1,0,30000,0,0,0,0,0,0,0,0,0,0,0,0,0,0,10003,4,22,33777197235712755,0,,
10003,23,21832,1,0,30000,0,0,0,0,0,0,0,0,0,0,0,0,0,0,10003,4,23,33777197235712755,0,,
10003,24,21831,1,0,30000,0,0,0,0,0,0,0,0,0,0,0,0,0,0,10003,4,24,33777197235712755,0,,
10003,25,23875,1,0,30000,0,0,0,0,0,0,0,0,0,0,0,0,0,0,10003,4,25,33777197235712755,0,,
10003,26,27291,1,0,30000,0,0,0,0,0,0,0,0,0,0,0,0,0,0,10003,4,26,33777197235712755,0,,
10003,27,48142,1,0,30000,0,0,0,0,0,0,0,0,0,0,0,0,0,0,10003,4,27,33777197235712755,0,,
10003,28,30382,1,0,30000,0,0,0,0,0,0,0,0,0,0,0,0,0,0,10003,4,28,33777197235712755,0,,
10003,29,44112,1,0,30000,0,0,0,0,0,0,0,0,0,0,0,0,0,0,10003,4,29,33777197235712755,0,,
10003,30,7958,1,0,30000,0,0,0,0,0,0,0,0,0,0,0,0,0,0,10003,4,30,33777197235712755,0,,
10003,31,7958,1,0,30000,0,0,0,0,0,0,0,0,0,0,0,0,0,0,10003,4,31,33777197235712755,0,,
10003,32,24510,1,0,30000,0,0,0,0,0,0,0,0,0,0,0,0,0,0,10003,4,32,33777197235712755,0,,
10003,33,46119,1,0,30000,0,0,0,0,0,0,0,0,0,0,0,0,0,0,10003,4,33,33777197235712755,0,,
10003,34,23381,40,0,30000,0,0,0,0,0,0,0,0,0,0,0,0,0,0,10003,4,34,33777197235712755,0,,
10004,0,30272,44,0,30000,0,0,0,0,0,0,0,0,0,0,0,0,0,0,10004,4,0,33777197235712755,0,,
10004,1,33329,10,0,30000,0,0,0,0,0,0,0,0,0,0,0,0,0,0,10004,4,1,33777197235712755,0,,
10004,2,36658,22,0,30000,0,0,0,0,0,0,0,0,0,0,0,0,0,0,10004,4,2,33777197235712755,0,,
10004,3,39919,116,0,30000,0,0,0,0,0,0,0,0,0,0,0,0,0,0,10004,4,3,33777197235712755,30,,
11000,0,16062,1,1,30000,0,1346,1368,0,0,0,9,9,0,0,0,0,0,0,11000,7,0,33777197235712755,0,,
11000,2,18391,1,1,30000,1,0,0,0,0,0,0,0,0,0,0,0,0,0,11000,7,2,33777197235712755,0,,
11000,3,18392,1,1,30000,1,0,0,0,0,0,0,0,0,0,0,0,0,0,11000,7,3,33777197235712755,0,,
11000,4,18393,1,1,30000,1,0,0,0,0,0,0,0,0,0,0,0,0,0,11000,7,4,33777197235712755,0,,
11000,6,18394,1,1,30000,1,0,0,0,0,0,0,0,0,0,0,0,0,0,11000,7,6,33777197235712755,0,,
11000,7,18395,1,1,30000,1,0,0,0,0,0,0,0,0,0,0,0,0,0,11000,7,7,33777197235712755,0,,
11000,8,41081,1,1,30000,0,0,0,0,0,0,0,0,0,0,0,0,0,9293,11000,7,8,33777197235712755,0,,
11000,9,18411,1,1,30000,1,0,0,0,0,0,0,0,0,0,0,0,0,0,11000,7,9,33777197235712755,0,,
11000,10,18416,1,1,30000,1,0,0,0,0,0,0,0,0,0,0,0,0,0,11000,7,10,33777197235712755,0,,
11000,11,18265,1,1,30000,1,0,0,0,0,0,0,0,0,0,0,0,0,0,11000,7,11,33777197235712755,0,,
11000,12,18421,1,1,30000,1,0,0,0,0,0,0,0,0,0,0,0,0,0,11000,7,12,33777197235712755,15500,,
12000,0,1,0,0,30000,0,0,0,0,0,0,0,0,0,0,0,0,0,0,12000,12,0,33777197235712755,0,,
12002,6,22519,1,0,30000,0,0,0,0,0,0,0,0,0,0,0,0,0,0,12002,9,6,33777197235712755,13000,,
12002,7,22511,1,0,30000,0,0,0,0,0,0,0,0,0,0,0,0,0,0,12002,9,7,33777197235712755,99,,
12002,8,23353,1,0,30000,0,0,0,0,0,0,0,0,0,0,0,0,0,0,12002,9,8,33777197235712755,5000,,
12002,9,15475,1,0,30000,0,0,0,0,0,0,0,0,0,0,0,0,0,0,12002,9,9,33777197235712755,22000,,
12002,10,36090,2,0,30000,0,0,0,0,0,0,0,0,0,0,0,0,0,0,12002,9,10,33777197235712755,490,,
12002,11,5359,10,0,30000,0,0,0,0,0,0,0,0,0,0,0,0,0,0,12002,9,11,33777197235712755,1950,,
12002,12,5359,10,0,30000,0,0,0,0,0,0,0,0,0,0,0,0,0,0,12002,9,12,33777197235712755,1950,,
12002,13,5359,10,0,30000,0,0,0,0,0,0,0,0,0,0,0,0,0,0,12002,9,13,33777197235712755,1950,,
12002,14,5359,10,0,30000,0,0,0,0,0,0,0,0,0,0,0,0,0,0,12002,9,14,33777197235712755,1950,,
12002,15,8837,1,0,30000,0,0,0,0,0,0,0,0,0,0,0,0,0,0,12002,9,15,33777197235712755,25000,,
12002,16,46161,1,0,30000,0,0,0,0,0,0,0,0,0,0,0,0,0,0,12002,9,16,33777197235712755,55,,
12002,17,47476,1,0,30000,0,0,0,0,0,0,0,0,0,0,0,0,0,0,12002,9,17,33777197235712755,55,,
12002,18,21845,1,0,30000,0,0,0,0,0,0,0,0,0,0,0,0,0,0,12002,9,18,33777197235712755,42000,,
12002,19,21845,1,0,30000,0,0,0,0,0,0,0,0,0,0,0,0,0,0,12002,9,19,33777197235712755,42000,,
10000,0,18189,1,0,30000,1,0,0,0,0,0,0,0,0,0,0,0,0,0,10000,4,0,33777197235723971,0,,
10000,1,1607,1,0,30000,0,0,0,0,0,0,0,0,0,0,0,0,0,0,10000,4,1,33777197235723971,0,,
10000,2,1604,1,0,30000,0,0,0,0,0,0,0,0,0,0,0,0,0,0,10000,4,2,33777197235723971,0,,
10000,3,18358,1,0,30000,1,0,0,0,0,0,0,0,0,0,0,0,0,0,10000,4,3,33777197235723971,0,,
10000,4,18662,1,0,30000,1,0,0,0,0,0,0,0,0,0,0,0,0,0,10000,4,4,33777197235723971,0,,
10000,5,18352,1,0,30000,1,0,0,0,0,0,0,0,0,0,0,0,0,0,10000,4,5,33777197235723971,0,,
10000,6,10476,1,0,30000,1,0,0,0,0,0,0,0,0,0,0,0,0,0,10000,4,6,33777197235723971,0,,
10000,7,18510,1,0,30000,1,0,0,0,0,0,0,0,0,0,0,0,0,0,10000,4,7,33777197235723971,0,,
10000,8,18359,1,0,30000,1,0,0,0,0,0,0,0,0,0,0,0,0,0,10000,4,8,33777197235723971,0,,
10000,9,18047,1,0,30000,1,0,0,0,0,0,0,0,0,0,0,0,0,0,10000,4,9,33777197235723971,0,,
10000,10,18668,1,0,30000,1,0,0,0,0,0,0,0,0,0,0,0,0,0,10000,4,10,33777197235723971,500,,
10000,11,18512,1,0,30000,1,0,0,0,0,0,0,0,0,0,0,0,0,0,10000,4,11,33777197235723971,400,,
10000,12,2582,1,0,30000,0,0,0,0,0,0,0,0,0,0,0,0,0,0,10000,4,12,33777197235723971,1,,
10000,13,42499,1,0,30000,1,0,0,0,0,0,0,0,0,0,0,0,0,0,10000,4,13,33777197235723971,2900,,
10000,14,17802,1,0,30000,0,0,0,0,0,0,0,0,0,0,0,0,0,9298,10000,4,14,33777197235723971,3500,,
10000,15,18547,1,0,30000,1,0,0,0,0,0,0,0,0,0,0,0,0,0,10000,4,15,33777197235723971,729,,
10000,16,18049,1,0,30000,1,0,0,0,0,0,0,0,0,0,0,0,0,0,10000,4,16,33777197235723971,4999999,,
10000,17,20596,1,0,30000,0,0,0,0,0,0,0,0,0,0,0,0,0,0,10000,4,17,33777197235723971,42000,,
10000,18,2653,1,10000,30000,0,0,0,0,0,0,0,0,0,0,0,74,0,0,10000,4,18,33777197235723971,42000,,
10000,19,20568,1,0,30000,0,0,0,0,0,0,0,0,0,0,0,0,0,0,10000,4,19,33777197235723971,42000,,
10000,20,15921,1,0,30000,0,0,0,0,0,0,0,0,0,0,0,0,0,0,10000,4,20,33777197235723971,0,,
10000,21,2643,1,0,30000,0,0,0,0,0,0,0,0,0,0,0,0,0,0,10000,4,21,33777197235723971,0,,
10000,22,12035,1,0,30000,0,0,0,0,0,0,0,0,0,0,0,0,0,0,10000,4,22,33777197235723971,0,,
10000,23,13330,1,0,30000,0,0,0,0,0,0,0,0,0,0,0,0,0,0,10000,4,23,33777197235723971,0,,
10000,24,17803,1,0,30000,0,0,0,0,0,0,0,0,0,0,0,0,0,0,10000,4,24,33777197235723971,0,,
10000,25,18692,1,0,30000,1,0,0,0,0,0,0,0,0,0,0,0,0,0,10000,4,25,33777197235723971,0,,
10000,26,18704,1,0,30000,1,0,0,0,0,0,0,0,0,0,0,0,0,0,10000,4,26,33777197235723971,0,,
10000,27,18530,1,0,30000,1,0,0,0,0,0,0,0,0,0,0,0,0,0,10000,4,27,33777197235723971,0,,
10000,28,18374,1,0,30000,1,0,0,0,0,0,0,0,0,0,0,0,0,0,10000,4,28,33777197235723971,0,,
10000,29,18392,1,7899,29548,1,0,0,0,0,0,0,0,0,0,0,109,0,16672,10000,4,29,33777197235723971,0,,
10000,30,18050,1,0,30000,1,0,0,0,0,0,0,0,0,0,0,0,0,0,10000,4,30,33777197235723971,0,,
10000,31,13805,1,0,30000,1,0,0,0,0,0,0,0,0,0,0,0,0,0,10000,4,31,33777197235723971,0,,
10000,32,3057,1,10000,14568,1,0,0,0,0,0,0,0,0,0,0,0,0,12036,10000,4,32,33777197235723971,0,,
10000,33,2961,1,10000,30000,0,0,0,0,0,0,0,0,0,0,0,43,0,0,10000,4,33,33777197235723971,0,,
10000,34,15925,1,1027,30000,0,0,0,0,0,0,0,0,0,0,0,10,0,0,10000,4,34,33777197235723971,0,,
10001,0,17804,1,0,30000,0,0,0,0,0,0,0,0,0,0,0,0,0,0,10001,4,0,33777197235723971,0,,
10001,1,18711,1,0,30000,1,0,0,0,0,0,0,0,0,0,0,0,0,0,10001,4,1,33777197235723971,0,,
10001,2,18531,1,0,30000,1,0,0,0,0,0,0,0,0,0,0,0,0,0,10001,4,2,33777197235723971,0,,
10001,3,18549,1,0,30000,1,0,0,0,0,0,0,0,0,0,0,0,0,0,10001,4,3,33777197235723971,0,,
10001,4,18369,1,0,30000,1,0,0,0,0,0,0,0,0,0,0,0,0,0,10001,4,4,33777197235723971,0,,
10001,5,18207,1,0,30000,1,0,0,0,0,0,0,0,0,0,0,0,0,0,10001,4,5,33777197235723971,0,,
10001,6,18237,1,1804,29313,1,0,0,0,0,0,0,0,0,0,0,10,0,7536,10001,4,6,33777197235723971,0,,
10001,7,18051,1,0,30000,1,0,0,0,0,0,0,0,0,0,0,0,0,0,10001,4,7,33777197235723971,0,,
10001,8,18087,1,0,30000,1,0,0,0,0,0,0,0,0,0,0,0,0,0,10001,4,8,33777197235723971,0,,
10001,9,6772,1,0,30000,0,0,0,0,0,0,0,0,0,0,0,0,0,0,10001,4,9,33777197235723971,0,,
10001,10,3616,1,2401,25712,0,0,0,0,0,0,0,0,0,0,0,0,0,0,10001,4,10,33777197235723971,500,,
10001,11,6042,1,10000,27007,0,0,0,0,0,0,0,0,0,0,0,0,0,12037,10001,4,11,33777197235723971,400,,
10001,12,3539,1,5721,24917,0,0,0,0,0,0,0,0,0,0,0,9,0,0,10001,4,12,33777197235723971,1,,
10001,13,14834,1,0,30000,0,0,0,0,0,0,0,0,0,0,0,0,0,0,10001,4,13,33777197235723971,2900,,
10001,14,10043,1,0,30000,0,0,0,0,0,0,0,0,0,0,0,0,0,0,10001,4,14,33777197235723971,3500,,
10001,15,12037,1,2397,29324,0,0,0,0,0,0,0,0,0,0,0,0,0,0,10001,4,15,33777197235723971,729,,
10001,16,13332,1,0,30000,0,0,0,0,0,0,0,0,0,0,0,0,0,0,10001,4,16,33777197235723971,4999999,,
10001,17,13988,1,0,30000,0,0,0,0,0,0,0,0,0,0,0,0,0,0,10001,4,17,33777197235723971,42000,,
10001,18,17497,1,0,30000,0,0,0,0,0,0,0,0,0,0,0,0,0,0,10001,4,18,33777197235723971,42000,,
10001,19,17805,1,0,30000,0,0,0,0,0,0,0,0,0,0,0,0,0,0,10001,4,19,33777197235723971,42000,,
10001,20,18238,1,1804,29311,1,0,0,0,0,0,0,0,0,0,0,0,0,0,10001,4,20,33777197235723971,0,,
10001,21,12005,1,1,30000,0,0,0,0,0,0,0,0,0,0,0,0,0,0,10001,4,21,33777197235723971,0,,
10001,22,3345,1,10000,24390,0,0,0,0,0,0,0,0,0,0,0,0,0,12038,10001,4,22,33777197235723971,0,,
10001,23,6043,1,10000,30000,0,0,0,0,0,0,0,0,0,0,0,0,0,0,10001,4,23,33777197235723971,0,,
10001,24,14835,1,7365,30000,0,0,0,0,0,0,0,0,0,0,0,0,0,0,10001,4,24,33777197235723971,0,,
10001,25,14853,1,0,30000,0,0,0,0,0,0,0,0,0,0,0,0,0,0,10001,4,25,33777197235723971,0,,
10001,26,10044,1,0,30000,0,0,0,0,0,0,0,0,0,0,0,0,0,0,10001,4,26,33777197235723971,0,,
10001,27,3742,1,0,30000,0,0,0,0,0,0,0,0,0,0,0,0,0,0,10001,4,27,33777197235723971,0,,
10002,0,4553,6,0,30000,1,0,0,0,0,0,0,0,0,0,0,0,0,0,10002,4,0,33777197235723971,0,,
10002,1,13637,41,0,30000,1,0,0,0,0,0,0,0,0,0,0,0,0,0,10002,4,1,33777197235723971,0,,
10002,2,13637,3,0,30000,0,0,0,0,0,0,0,0,0,0,0,0,0,0,10002,4,2,33777197235723971,0,,
10002,3,4555,7,0,30000,0,0,0,0,0,0,0,0,0,0,0,0,0,0,10002,4,3,33777197235723971,0,,
10002,4,4558,2,0,30000,0,0,0,0,0,0,0,0,0,0,0,0,0,0,10002,4,4,33777197235723971,0,,
10002,5,4560,2,0,30000,0,0,0,0,0,0,0,0,0,0,0,0,0,0,10002,4,5,33777197235723971,0,,
10002,6,6141,465,0,30000,1,0,0,0,0,0,0,0,0,0,0,0,0,0,10002,4,6,33777197235723971,0,,
10002,7,12669,194,0,30000,0,0,0,0,0,0,0,0,0,0,0,0,0,0,10002,4,7,33777197235723971,0,,
10002,8,16911,5,0,30000,0,0,0,0,0,0,0,0,0,0,0,0,0,0,10002,4,8,33777197235723971,0,,
10002,9,26553,7,0,30000,0,0,0,0,0,0,0,0,0,0,0,0,0,0,10002,4,9,33777197235723971,0,,
10002,10,48096,1,0,30000,0,0,0,0,0,0,0,0,0,0,0,0,0,0,10002,4,10,33777197235723971,500,,
10002,11,4868,175,0,30000,0,0,0,0,0,0,0,0,0,0,0,0,0,0,10002,4,11,33777197235723971,400,,
10002,12,6221,2,0,30000,0,0,0,0,0,0,0,0,0,0,0,0,0,0,10002,4,12,33777197235723971,1,,
10003,4,44549,2,0,30000,0,0,0,0,0,0,0,0,0,0,0,0,0,0,10003,4,4,33777197235723971,0,,
10003,5,46978,2,0,30000,0,0,0,0,0,0,0,0,0,0,0,0,0,0,10003,4,5,33777197235723971,0,,
10003,6,43942,60,0,30000,0,0,0,0,0,0,0,0,0,0,0,0,0,0,10003,4,6,33777197235723971,0,,
10003,7,43944,28,0,30000,0,0,0,0,0,0,0,0,0,0,0,0,0,0,10003,4,7,33777197235723971,0,,
10003,8,12995,20,0,30000,0,0,0,0,0,0,0,0,0,0,0,0,0,0,10003,4,8,33777197235723971,0,,
10003,9,47868,58,0,30000,0,0,0,0,0,0,0,0,0,0,0,0,0,0,10003,4,9,33777197235723971,0,,
10003,10,47342,1,0,30000,0,0,0,0,0,0,0,0,0,0,0,0,0,0,10003,4,10,33777197235723971,500,,
10003,11,47866,4,0,30000,0,0,0,0,0,0,0,0,0,0,0,0,0,0,10003,4,11,33777197235723971,400,,
10003,12,17002,1,0,30000,0,0,0,0,0,0,0,0,0,0,0,0,0,0,10003,4,12,33777197235723971,1,,
11000,0,15663,1,1,30000,0,0,0,0,0,0,0,0,0,0,0,0,0,0,11000,7,0,33777197235723971,0,,
11000,1,15882,1,1,30000,0,0,0,0,0,0,0,0,0,0,0,0,0,0,11000,7,1,33777197235723971,0,,
11000,2,15710,1,1,30000,0,0,0,0,0,0,0,0,0,0,0,0,0,0,11000,7,2,33777197235723971,0,,
11000,3,15711,1,1,30000,0,0,0,0,0,0,0,0,0,0,0,0,0,0,11000,7,3,33777197235723971,0,,
11000,4,15712,1,1,30000,0,0,0,0,0,0,0,0,0,0,0,0,0,0,11000,7,4,33777197235723971,0,,
11000,6,15713,1,1,30000,0,0,0,0,0,0,0,0,0,0,0,0,0,0,11000,7,6,33777197235723971,0,,
11000,7,15714,1,1,30000,0,0,0,0,0,0,0,0,0,0,0,0,0,0,11000,7,7,33777197235723971,0,,
11000,8,15889,1,1,30000,0,0,0,0,0,0,0,0,0,0,0,0,0,0,11000,7,8,33777197235723971,0,,
11000,9,15890,1,1,30000,0,0,0,0,0,0,0,0,0,0,0,0,0,0,11000,7,9,33777197235723971,0,,
11000,10,15891,1,1,30000,0,0,0,0,0,0,0,0,0,0,0,0,0,0,11000,7,10,33777197235723971,500,,
11000,11,15892,1,1,30000,0,0,0,0,0,0,0,0,0,0,0,0,0,0,11000,7,11,33777197235723971,400,,
11000,12,15892,1,1,30000,0,0,0,0,0,0,0,0,0,0,0,0,0,0,11000,7,12,33777197235723971,1,,
12000,0,1,0,0,30000,0,0,0,0,0,0,0,0,0,0,0,0,0,0,12000,12,0,33777197235723971,0,,
2502,0,80,168582355,0,0,0,0,0,0,0,0,0,0,0,0,0,0,0,0,2502,8,0,9232660711086230169,0,,
