4930,402,1509.8,0,230,0,12,06/18/2026 16:17:07,06/19/2026 19:06:55,8
17,402,117.1,0,117,0,20,06/19/2026 13:12:39,06/19/2026 19:06:55,14
4736,402,3449.2222,540.8182,0,2500,2,06/13/2026 18:17:31,06/19/2026 19:06:55,1
42313,402,0,51257.75,0,0,1,06/13/2026 20:15:07,06/19/2026 19:42:32,0
12521,402,1919,1941.8572,1205,1800,20,06/19/2026 17:11:47,06/19/2026 19:06:55,10
43222,402,42999,42828.156,0,0,1,06/16/2026 18:22:01,06/19/2026 19:06:55,0
31983,402,79.8,0,76,0,10,06/16/2026 00:16:07,06/19/2026 19:06:55,10
3023,402,9345.286,12304.846,0,0,1,06/13/2026 02:42:01,06/19/2026 19:06:55,0
26730,402,2350.75,0,160,0,20,06/19/2026 00:16:52,06/19/2026 19:06:55,10
43278,402,28703.334,67629.94,0,40780,0,05/15/2026 19:02:48,06/19/2026 19:06:55,3
38606,402,18311.8,0,19997,0,12,06/17/2026 17:06:59,06/19/2026 19:06:55,20
16911,402,614.73334,1152.2,121,0,1,06/18/2026 02:03:46,06/19/2026 19:06:55,18
34149,402,45665.668,30114.766,0,44994,5,06/16/2026 22:31:49,06/19/2026 19:06:55,2
18026,402,567.75,0,1000,0,14,06/19/2026 08:49:37,06/19/2026 19:29:48,15
3562,402,7362.2,39236.2,0,10100,2,06/18/2026 16:48:30,06/19/2026 19:06:55,1
18089,402,0,46018.75,0,33000,0,06/10/2026 15:51:20,06/19/2026 19:06:55,1
31981,402,94.35,0,87,0,8,06/15/2026 23:39:04,06/19/2026 19:06:55,10
4868,402,100051.85,0,55,0,20,06/18/2026 21:46:51,06/19/2026 19:06:55,20
43274,402,35354.5,75839.586,0,0,1,06/13/2026 12:44:29,06/19/2026 19:06:55,0
4558,402,518.5294,416,0,0,1,06/15/2026 20:18:26,06/19/2026 19:06:55,0
5371,402,425.4,995,450,440,20,06/19/2026 13:02:24,06/19/2026 19:06:55,16
33925,402,542,0,950,0,20,06/16/2026 15:16:21,06/19/2026 19:29:48,20
5113,402,157.25,0,150,0,20,06/19/2026 15:01:36,06/19/2026 19:06:55,20
5308,402,134,0,147,0,7,06/15/2026 17:49:20,06/19/2026 19:06:55,20
3795,402,9990,27756.055,0,0,0,06/01/2026 19:09:18,06/19/2026 19:06:55,0
10034,402,259453.25,0,4999,0,20,06/19/2026 01:43:21,06/19/2026 19:06:55,20
2484,402,15.666667,10778.412,0,16990,1,06/13/2026 13:26:40,06/19/2026 19:06:55,2
30125,402,7.4,0,1,0,0,02/05/2026 15:26:58,06/19/2026 19:06:55,6
11888,402,3010.1428,34348.832,1899,81236,1,06/12/2026 21:19:13,06/19/2026 19:06:55,9
5104,402,12874.3,0,4000,0,0,06/08/2026 10:45:46,06/19/2026 19:06:55,10
8,402,48,0,48,0,20,06/19/2026 11:16:49,06/19/2026 19:06:55,20
1604,402,1818837.9,27778376,500,1945,1,06/15/2026 20:33:47,06/19/2026 19:06:55,6
41762,402,3147.55,0,2600,0,20,06/18/2026 19:40:04,06/19/2026 19:06:55,20
25196,402,367.1,0,584,0,2,06/13/2026 20:42:58,06/19/2026 19:06:55,8
48096,402,3649998,0,3888887,0,18,06/18/2026 18:22:29,06/19/2026 19:06:55,14
3543,402,7376.231,11728.857,0,0,0,06/06/2026 23:37:47,06/19/2026 19:06:55,0
11882,402,42063.4,31993.75,0,0,0,12/08/2024 13:41:11,06/19/2026 19:06:55,0
31973,402,206.3,0,100,0,5,06/14/2026 12:17:53,06/19/2026 19:06:55,13
13092,402,2071069.8,0,3999999,0,0,04/23/2026 20:09:09,06/19/2026 19:06:55,1
43260,402,0,59147.7,0,0,0,05/17/2026 05:00:53,06/19/2026 19:06:55,0
12030,402,9999,12115.315,0,12116,2,06/15/2026 18:50:20,06/19/2026 19:06:55,9
4095,402,1262199.8,34417.5,0,0,0,05/23/2026 16:18:49,06/19/2026 19:06:55,0
41773,402,1348.75,0,2492,0,20,06/19/2026 17:01:25,06/19/2026 19:06:55,20
21057,402,3495.7,0,100,0,11,06/18/2026 22:32:11,06/19/2026 19:06:55,19
31097,402,589587.25,833,9800,0,0,06/06/2026 18:15:13,06/19/2026 19:06:55,2
5713,402,834.2,0,919,0,9,06/17/2026 23:33:04,06/19/2026 19:06:55,20
47197,402,0,508844.6,0,627000,18,06/19/2026 17:47:50,06/19/2026 19:39:34,11
31324,402,1260.15,0,1286,0,16,06/19/2026 18:02:35,06/19/2026 19:06:55,20
9292,402,25018356,0,27495,0,20,06/19/2026 15:18:57,06/19/2026 19:06:55,20
5554,402,22.15,0,61,0,18,06/19/2026 06:31:57,06/19/2026 19:06:55,10
19622,402,0,42048.95,30000,38997,3,06/15/2026 21:08:29,06/19/2026 19:06:55,9
36713,402,48333.332,86181.3,0,0,0,03/01/2026 16:01:12,06/19/2026 19:06:55,0
6,402,62.65,0,60,0,18,06/18/2026 23:36:20,06/19/2026 19:06:55,20
35448,402,0,33277.45,0,49885,0,06/07/2026 13:40:50,06/19/2026 19:06:55,1
43279,402,24537,71541.47,0,82000,1,06/13/2026 19:09:53,06/19/2026 19:06:57,2
4231,402,11220.5,18494.857,0,24500,2,06/13/2026 13:32:25,06/19/2026 19:06:57,2
30755,402,3003.4375,5500,6601,0,12,06/19/2026 05:02:41,06/19/2026 19:06:57,9
18530,402,0,22465.2,0,19998,0,06/05/2026 04:31:36,06/19/2026 19:06:57,4
5388,402,265.2,0,212,0,20,06/19/2026 14:47:51,06/19/2026 19:06:57,20
44012,402,1141.3334,1082.5,1490,3999,20,06/19/2026 17:28:19,06/19/2026 19:06:57,20
31974,402,397.45,0,5500,0,5,06/15/2026 20:58:54,06/19/2026 19:06:57,6
26734,402,254.45,0,190,0,15,06/17/2026 00:33:39,06/19/2026 19:06:57,5
47195,402,0,439099.34,0,637990,14,06/19/2026 17:47:43,06/19/2026 19:39:10,6
11975,402,33571.285,37151.31,0,19993,4,06/17/2026 07:31:30,06/19/2026 19:06:57,3
43233,402,0,63411.2,0,0,1,06/16/2026 18:23:53,06/19/2026 19:06:57,0
43336,402,51000,57678.293,0,75000,0,05/19/2026 11:28:41,06/19/2026 19:06:57,2
11927,402,12545.75,26350.25,9999,0,2,06/16/2026 22:41:31,06/19/2026 19:06:57,6
45993,402,361.45,0,50,0,0,05/31/2026 17:34:29,06/19/2026 19:06:57,11
2468,402,8139.857,11816.77,0,0,3,06/18/2026 09:55:12,06/19/2026 19:06:57,0
2497,402,2424.6924,5283.4287,0,0,2,06/16/2026 09:18:12,06/19/2026 19:06:57,0
41777,402,485.85,0,723,0,20,06/18/2026 02:31:28,06/19/2026 19:35:19,20
3768,402,2542.2856,10266.923,0,0,2,06/17/2026 17:15:19,06/19/2026 19:06:57,0
5059,402,964.3,988.3,1200,0,20,06/19/2026 17:43:56,06/19/2026 19:06:57,10
13714,402,1062.3,0,490,0,12,06/17/2026 16:25:32,06/19/2026 19:06:57,17
12548,402,1940.6875,3302.25,0,0,6,06/18/2026 13:02:47,06/19/2026 19:06:57,0
17982,402,27195.55,0,31000,0,1,06/13/2026 00:04:55,06/19/2026 19:06:57,6
5110,402,29.1,0,20,0,18,06/17/2026 21:30:37,06/19/2026 19:06:57,3
13637,402,65,51.166668,3999,999,20,06/18/2026 14:40:55,06/19/2026 19:06:57,5
2377,402,12499.5,32754.666,0,0,0,06/09/2026 20:39:11,06/19/2026 19:06:57,0
35322,402,0,32432.05,35700,36998,1,06/12/2026 21:24:01,06/19/2026 19:06:57,5
5143,402,617.05,0,1001,0,20,06/19/2026 17:24:09,06/19/2026 19:06:57,2
2574,402,1402.1,4017.9,1200,4000,0,06/11/2026 12:07:21,06/19/2026 19:06:57,6
35323,402,0,13734.35,0,21484,0,06/09/2026 16:20:40,06/19/2026 19:06:57,3
5347,402,487.45,0,488,0,20,06/19/2026 13:39:32,06/19/2026 19:06:57,20
4725,402,206,368.25,5,500,0,06/09/2026 17:19:11,06/19/2026 19:13:31,17
44035,402,228.85,0,448,0,10,06/16/2026 23:47:17,06/19/2026 19:06:57,12
22569,402,61448,0,59999,0,2,06/18/2026 14:34:50,06/19/2026 19:06:57,8
12545,402,14.272727,23.777779,9,9,9,06/19/2026 13:22:44,06/19/2026 19:06:57,20
43328,402,0,36330.8,0,59999,1,06/14/2026 23:35:30,06/19/2026 19:06:57,1
13711,402,350.25,0,500,0,20,06/16/2026 23:52:49,06/19/2026 19:06:57,20
43238,402,29995,52962.156,0,100779,0,05/21/2026 19:00:11,06/19/2026 19:06:57,1
44040,402,235.15,0,393,0,20,06/18/2026 16:43:59,06/19/2026 19:06:57,8
18393,402,0,25388.25,0,0,2,06/15/2026 23:18:38,06/19/2026 19:06:57,0
12224,402,195.9375,199,199,208,20,06/19/2026 14:54:21,06/19/2026 19:06:57,20
43318,402,0,81174.5,0,76995,2,06/14/2026 22:31:57,06/19/2026 19:06:57,11
28626,402,1457.5,0,3040,0,7,06/18/2026 22:49:06,06/19/2026 19:06:57,6
18110,402,45198.4,27718.066,0,13000251,0,06/10/2026 15:51:48,06/19/2026 19:06:57,1
5668,402,1843.65,0,939,0,20,06/18/2026 20:31:25,06/19/2026 19:06:57,20
11919,402,2447.1667,19688.5,1883,75000,1,06/14/2026 17:38:22,06/19/2026 19:06:57,5
4254,402,13050,21113.334,0,43997,0,06/10/2026 17:50:50,06/19/2026 19:06:57,3
20529,402,60.75,0,460,0,11,06/18/2026 22:42:44,06/19/2026 19:06:57,3
20701,402,1639.75,0,2499,0,0,06/07/2026 14:32:12,06/19/2026 19:06:57,7
2357,402,1304.85,0,1000,0,0,05/20/2026 05:23:37,06/19/2026 19:06:57,2
47180,402,0,889843.25,0,666445,5,06/17/2026 02:45:03,06/19/2026 19:40:31,12
5390,402,419.7,0,449,0,20,06/17/2026 14:22:18,06/19/2026 19:06:57,3
2359,402,1176.7858,4597.3335,2000,0,0,06/10/2026 16:50:11,06/19/2026 19:06:57,1
43316,402,80990,79104.1,0,75000,2,06/16/2026 14:55:19,06/19/2026 19:06:57,3
2464,402,14286.25,25378.188,0,0,1,06/18/2026 02:20:42,06/19/2026 19:06:57,0
43856,402,386.7,0,330,0,0,05/15/2026 11:23:04,06/19/2026 19:06:58,8
43312,402,26738.334,68211.64,0,0,0,06/06/2026 01:58:09,06/19/2026 19:06:58,0
32215,402,100.8,0,90,0,15,06/18/2026 08:45:11,06/19/2026 19:06:58,20
18510,402,15000,13431.211,0,45000,1,06/17/2026 10:21:07,06/19/2026 19:06:58,1
35399,402,37073.383,34844.43,0,0,0,03/15/2026 20:25:01,06/19/2026 19:06:58,0
4552,402,59.416668,252.625,1600,3000,20,06/19/2026 10:35:41,06/19/2026 19:06:58,12
5171,402,425.0909,614.6667,590,0,16,06/19/2026 15:32:24,06/19/2026 19:06:58,1
18087,402,0,43354.7,0,0,2,06/16/2026 15:23:43,06/19/2026 19:06:58,0
18093,402,8524.5,34585.445,0,42000,3,06/17/2026 22:37:01,06/19/2026 19:06:58,4
35444,402,0,38691.75,0,0,3,06/19/2026 12:49:25,06/19/2026 19:06:58,0
35450,402,0,33378.95,0,44994,0,06/09/2026 14:32:47,06/19/2026 19:06:58,2
18047,402,0,15654.15,0,30001,0,05/30/2026 16:53:50,06/19/2026 19:06:58,1
35373,402,35000,27999.895,0,0,0,05/05/2026 14:50:44,06/19/2026 19:06:58,0
11879,402,13091,16485.166,0,15000,0,05/30/2026 21:04:57,06/19/2026 19:06:58,6
5702,402,174.9,0,156,0,7,06/19/2026 09:52:08,06/19/2026 19:06:58,20
10156,402,709342.1,0,777777,0,0,06/06/2026 02:04:20,06/19/2026 19:06:58,2
7671,402,21059,0,8,0,14,06/18/2026 21:06:21,06/19/2026 19:06:58,20
35778,402,20000,53311.473,0,65000,0,06/09/2026 19:23:42,06/19/2026 19:06:58,1
8150,402,1362.6,0,878,0,20,06/19/2026 15:20:00,06/19/2026 19:06:58,15
4,402,77.2,0,69,0,20,06/19/2026 12:42:22,06/19/2026 19:06:58,20
5337,402,416.85715,1062.3334,100,1290,20,06/19/2026 14:48:51,06/19/2026 19:06:58,9
44264,402,6035.8,0,8000,0,2,06/18/2026 13:07:15,06/19/2026 19:06:58,8
22517,402,162.4,0,199,0,6,06/17/2026 11:09:57,06/19/2026 19:06:58,10
6396,402,2489.5,0,725,0,0,05/18/2026 18:23:26,06/19/2026 19:06:58,7
5670,402,4634.05,0,4998,0,20,06/19/2026 18:45:14,06/19/2026 19:06:58,3
11974,402,34439.4,45632.2,0,24996,5,06/17/2026 18:50:38,06/19/2026 19:06:58,2
43226,402,44236.332,82776.12,0,0,0,03/18/2026 17:17:25,06/19/2026 19:06:58,0
23989,402,152.35,0,460,0,15,06/19/2026 00:54:52,06/19/2026 19:06:58,13
10533,402,0,83037.95,0,100000,1,06/14/2026 15:34:38,06/19/2026 19:06:58,2
35446,402,0,32644.8,0,0,3,06/19/2026 12:49:35,06/19/2026 19:06:58,0
10587,402,25589.5,1428170.5,0,10000,0,06/12/2026 17:08:50,06/19/2026 19:06:58,1
42309,402,0,29299.1,0,0,0,06/08/2026 22:36:58,06/19/2026 19:42:38,0
20707,402,1508.1,0,2000,0,6,06/16/2026 16:54:41,06/19/2026 19:06:58,8
30270,402,9566.4,0,10443,0,6,06/17/2026 00:27:06,06/19/2026 19:06:58,9
5320,402,136.2,0,76,0,19,06/19/2026 04:46:37,06/19/2026 19:06:58,6
44013,402,809.9286,2730.6667,397,460,20,06/19/2026 17:27:57,06/19/2026 19:06:58,20
18207,402,0,1513534,0,0,2,06/14/2026 19:32:53,06/19/2026 19:06:58,0
35433,402,0,50199.15,0,0,0,05/24/2026 08:14:05,06/19/2026 19:06:58,0
35401,402,0,17014,0,0,0,01/16/2026 22:03:51,06/19/2026 19:06:58,0
43244,402,0,15091.25,0,50780,0,03/09/2026 18:29:17,06/19/2026 19:06:58,1
35388,402,35709,67256.9,0,0,0,05/18/2026 08:36:34,06/19/2026 19:06:58,0
43269,402,25999.666,91055.18,0,0,0,06/09/2026 12:46:22,06/19/2026 19:06:58,0
2398,402,808.1667,10373,4000,10000,0,05/27/2026 13:47:55,06/19/2026 19:06:58,4
5701,402,90.9,0,90,0,2,06/15/2026 06:55:34,06/19/2026 19:06:58,15
43204,402,0,22238.15,0,20000,0,06/06/2026 22:36:20,06/19/2026 19:06:58,1
35396,402,7300,31952.105,0,0,0,04/15/2026 17:00:45,06/19/2026 19:06:58,0
43257,402,0,65373.25,0,0,0,04/11/2026 15:18:15,06/19/2026 19:06:58,0
35376,402,0,63946.75,0,0,1,06/16/2026 22:05:55,06/19/2026 19:06:58,0
12005,402,83999.5,65044.39,0,0,0,02/22/2026 22:21:26,06/19/2026 19:06:58,0
19931,402,209.5,0,490,0,7,06/18/2026 13:29:54,06/19/2026 19:06:58,5
35431,402,30390,48607.055,0,46978,2,06/14/2026 13:58:17,06/19/2026 19:06:58,3
19651,402,0,32782.45,0,39999,0,05/29/2026 15:44:12,06/19/2026 19:07:01,2
13710,402,3325.1,0,3700,0,20,06/19/2026 00:07:40,06/19/2026 19:07:01,11
50306,402,334403.34,0,0,0,1,06/18/2026 16:31:53,06/19/2026 19:49:28,0
2482,402,1970,2911.6155,1997,80009,0,05/23/2026 16:19:56,06/19/2026 19:07:01,2
42317,402,45709,136737.28,0,0,1,06/12/2026 21:51:01,06/19/2026 19:42:38,0
18547,402,0,17413,0,0,0,06/08/2026 22:08:06,06/19/2026 19:07:01,0
31980,402,279.6,0,793,0,5,06/17/2026 06:45:27,06/19/2026 19:07:01,20
43280,402,47999.4,68195.4,0,250000,0,05/13/2026 15:14:49,06/19/2026 19:07:01,1
2315,402,690.9167,1087.75,99,0,1,06/14/2026 09:02:48,06/19/2026 19:07:01,2
19877,402,74.7,0,299,0,17,06/16/2026 09:26:20,06/19/2026 19:07:01,4
35429,402,34994.5,57287,0,0,0,05/06/2026 21:18:05,06/19/2026 19:07:01,0
11881,402,1432.6666,9270,856,14000,0,06/02/2026 21:40:51,06/19/2026 19:07:01,8
41782,402,1892.1,0,2997,0,20,06/19/2026 11:51:26,06/19/2026 19:07:01,8
2407,402,2630.85,0,532,0,0,04/27/2026 08:09:35,06/19/2026 19:07:01,2
35334,402,25000,21685.158,0,44881,0,06/10/2026 17:47:31,06/19/2026 19:07:01,1
8553,402,306367.6,179000,331112,0,2,06/16/2026 11:32:30,06/19/2026 19:07:01,5
26790,402,864.2,0,1060,0,6,06/18/2026 22:48:10,06/19/2026 19:07:01,12
49263,402,229699,469025.84,0,490580,4,06/19/2026 13:18:48,06/19/2026 19:07:01,9
12012,402,0,23059.75,0,70134,0,06/11/2026 08:42:57,06/19/2026 19:07:01,2
35345,402,55000,32090.684,0,0,0,06/03/2026 00:03:17,06/19/2026 19:07:01,0
25692,402,0,29987.8,0,75000,0,05/28/2026 15:17:38,06/19/2026 19:07:01,1
43991,402,378.2,0,0,0,17,06/16/2026 19:58:55,06/19/2026 19:07:01,0
3616,402,15017,20831.611,10034,9996,7,06/18/2026 16:45:54,06/19/2026 19:07:01,5
3370,402,8067.8,18648.4,10000,80046,2,06/15/2026 18:08:14,06/19/2026 19:07:01,7
33940,402,756.2,0,769,0,10,06/19/2026 17:52:06,06/19/2026 19:29:48,17
19728,402,11000,32342.666,44179,0,0,06/08/2026 16:30:03,06/19/2026 19:07:01,1
4735,402,13011.375,484.66666,24,300,0,06/03/2026 14:44:49,06/19/2026 19:07:01,5
31986,402,127.2,0,50,0,5,06/18/2026 18:55:59,06/19/2026 19:07:01,20
33693,402,4234.1,0,2994,0,6,06/18/2026 22:51:35,06/19/2026 19:07:01,18
20525,402,796.8,0,800,0,12,06/18/2026 10:03:56,06/19/2026 19:07:01,20
35407,402,0,29172.2,0,0,3,06/19/2026 12:49:13,06/19/2026 19:07:01,0
34144,402,54633.91,34866.89,0,0,1,06/14/2026 11:55:24,06/19/2026 19:07:01,0
28590,402,38014.5,0,43997,0,6,06/16/2026 19:52:06,06/19/2026 19:07:01,11
5335,402,462,471.5,800,1500,20,06/19/2026 17:40:20,06/19/2026 19:07:01,7
43200,402,0,27275.35,0,9999,1,06/13/2026 00:09:02,06/19/2026 19:07:01,6
35335,402,0,6864.35,0,21780,0,06/09/2026 17:44:08,06/19/2026 19:07:01,1
31985,402,30.9,0,26,0,9,06/14/2026 16:38:21,06/19/2026 19:07:01,20
43255,402,34995,38727.895,0,34995,0,04/09/2026 22:10:58,06/19/2026 19:07:01,8
21842,402,2077.4,0,4848,0,17,06/18/2026 11:15:39,06/19/2026 19:07:01,3
43237,402,18705,73066.81,0,0,1,06/18/2026 16:28:55,06/19/2026 19:07:01,0
44037,402,802.9,0,1200,0,3,06/12/2026 22:42:08,06/19/2026 19:07:01,9
5630,402,646.05,0,700,0,15,06/18/2026 16:58:56,06/19/2026 19:07:01,20
35447,402,0,46561.95,0,0,2,06/13/2026 10:46:57,06/19/2026 19:07:01,0
14095,402,553.8,0,544,0,13,06/18/2026 22:31:16,06/19/2026 19:07:01,20
2658,402,574.6923,6754,9968,1005,4,06/14/2026 23:38:41,06/19/2026 19:07:01,10
41759,402,303.45,0,150,0,20,06/19/2026 11:33:06,06/19/2026 19:07:01,20
19865,402,252.45,0,988,0,2,06/16/2026 09:30:20,06/19/2026 19:07:01,8
36714,402,52499.5,120226.11,0,0,0,05/11/2026 16:46:09,06/19/2026 19:07:01,0
12033,402,19999,55096.11,0,33974,5,06/14/2026 20:34:32,06/19/2026 19:07:01,5
41771,402,2141,0,2771,0,20,06/19/2026 15:16:32,06/19/2026 19:07:01,20
35398,402,20709,22695.422,0,0,0,03/13/2026 19:13:41,06/19/2026 19:07:01,0
5715,402,98.7,0,91,0,20,06/19/2026 11:03:58,06/19/2026 19:07:01,20
21865,402,34440.75,0,35001,0,0,06/10/2026 02:40:47,06/19/2026 19:07:01,7
14852,402,664010.9,36498,25000,29995,6,06/16/2026 23:51:08,06/19/2026 19:07:03,8
5516,402,35.4,0,89,0,5,06/19/2026 17:09:13,06/19/2026 19:07:03,10
35405,402,0,52370.65,0,0,1,06/14/2026 18:11:46,06/19/2026 19:07:03,0
35406,402,0,38178,0,0,1,06/14/2026 18:12:02,06/19/2026 19:07:03,0
35467,402,25148,31073.445,29600,56000,1,06/16/2026 20:52:32,06/19/2026 19:07:03,3
2959,402,3067469.8,217,200,1003,0,06/08/2026 23:25:58,06/19/2026 19:07:03,9
11878,402,40388.09,53631.11,0,0,0,11/12/2025 17:09:51,06/19/2026 19:07:03,0
5676,402,235.4,0,220,0,20,06/19/2026 10:19:12,06/19/2026 19:07:03,20
41763,402,1845.1,0,1600,0,20,06/19/2026 17:14:29,06/19/2026 19:35:19,20
11966,402,24618.8,36545.867,44998,45000,5,06/18/2026 18:23:38,06/19/2026 19:07:03,3
9286,402,1069727.1,19949,9999,20000,1,06/14/2026 21:28:13,06/19/2026 19:07:03,12
11973,402,0,55855.45,0,53995,7,06/17/2026 23:05:26,06/19/2026 19:07:03,6
19625,402,26095,44932.535,39999,44997,2,06/14/2026 00:40:39,06/19/2026 19:07:03,3
43253,402,0,32871,0,0,0,05/30/2026 04:39:53,06/19/2026 19:07:03,0
43285,402,47500,34973.332,0,54979,5,06/16/2026 21:30:40,06/19/2026 19:07:03,1
43341,402,45131.5,99496.664,45263,149000,4,06/16/2026 14:56:36,06/19/2026 19:07:03,8
7958,402,36487.1,0,100000,0,14,06/18/2026 22:26:57,06/19/2026 19:07:03,2
5282,402,1350.1666,3167.125,1000,3898,20,06/19/2026 14:49:13,06/19/2026 19:07:03,20
43344,402,46117.89,61209.91,0,0,1,06/14/2026 11:50:28,06/19/2026 19:07:03,0
7608,402,1366.2142,1405.5,699,0,12,06/19/2026 00:50:59,06/19/2026 19:07:03,8
20541,402,465.65,0,900,0,8,06/18/2026 22:43:15,06/19/2026 19:07:03,7
2405,402,59,101,48,150,0,06/11/2026 23:17:50,06/19/2026 19:07:03,15
5395,402,486.55,0,789,0,20,06/19/2026 18:43:57,06/19/2026 19:07:03,20
43289,402,36750,46947.445,0,58999,3,06/19/2026 14:43:12,06/19/2026 19:07:03,2
2392,402,323.91666,1637.125,195,11000,0,05/17/2026 17:21:55,06/19/2026 19:07:03,6
19918,402,17.7,0,14,0,0,06/10/2026 04:42:48,06/19/2026 19:07:03,9
43214,402,45500,18827.053,10500,13794,2,06/17/2026 13:34:06,06/19/2026 19:07:03,4
9083,402,32579.6,41920,0,29000,1,06/13/2026 20:07:49,06/19/2026 19:07:03,1
43215,402,0,31362.4,0,0,0,06/06/2026 22:36:23,06/19/2026 19:07:03,0
43266,402,42125.5,47953.832,0,0,0,05/26/2026 22:49:53,06/19/2026 19:07:03,0
43205,402,27272.727,59422.555,0,0,0,06/10/2026 22:02:45,06/19/2026 19:07:03,0
11961,402,9609.333,27244.572,20000,24560,3,06/18/2026 09:58:49,06/19/2026 19:07:03,6
18398,402,8999,24297.105,0,0,1,06/16/2026 21:48:44,06/19/2026 19:07:03,0
20001,402,237.95,0,250,0,8,06/15/2026 13:54:26,06/19/2026 19:07:03,6
11,402,62.2,0,48,0,20,06/18/2026 22:12:30,06/19/2026 19:07:03,20
25198,402,153.45,0,154,0,17,06/18/2026 18:42:14,06/19/2026 19:07:03,20
12863,402,1197.6,1049.6666,1000,995,1,06/12/2026 21:08:36,06/19/2026 19:07:03,10
5433,402,15.2,0,1,0,8,06/18/2026 01:56:37,06/19/2026 19:07:03,8
2367,402,9.222222,1028.8182,15,3000,0,06/07/2026 15:30:03,06/19/2026 19:07:03,9
18394,402,0,9305.35,0,20000,1,06/14/2026 09:19:31,06/19/2026 19:07:03,1
25685,402,50569,41344.79,0,58925,0,05/28/2026 15:18:10,06/19/2026 19:07:03,3
41761,402,238,0,217,0,20,06/18/2026 21:57:15,06/19/2026 19:07:03,20
42299,402,0,76711.1,0,0,0,04/09/2026 23:49:13,06/19/2026 19:42:32,0
35397,402,40000,52074.79,0,0,0,06/01/2026 14:39:12,06/19/2026 19:07:03,0
40626,402,12254.75,0,9800,0,9,06/17/2026 21:10:13,06/19/2026 19:07:03,20
39680,402,113946.836,64860.25,88999,88998,1,06/14/2026 20:19:01,06/19/2026 19:07:03,8
18108,402,0,36987.8,0,36995,19,06/18/2026 23:54:25,06/19/2026 19:07:03,4
10035,402,1617.45,0,4999,0,20,06/19/2026 01:43:53,06/19/2026 19:07:03,18
35068,402,18168.143,17401.924,35000,34999,4,06/16/2026 08:37:48,06/19/2026 19:07:03,6
43290,402,0,68856.3,0,0,7,06/19/2026 15:02:58,06/19/2026 19:07:03,0
33916,402,243.7,0,389,0,20,06/18/2026 21:51:31,06/19/2026 19:07:03,20
11979,402,13999.667,26923.47,0,25000,6,06/15/2026 22:27:30,06/19/2026 19:07:03,4
44018,402,645.8,0,215,0,20,06/19/2026 18:23:24,06/19/2026 19:07:04,20
2571,402,6382.05,0,0,0,0,05/25/2026 10:58:41,06/19/2026 19:07:04,0
19652,402,18499.5,31556.834,0,0,0,05/30/2026 23:20:19,06/19/2026 19:07:04,0
5631,402,195.85,0,142,0,20,06/18/2026 16:05:45,06/19/2026 19:07:04,11
34154,402,0,20595.1,28999,30995,19,06/17/2026 19:13:29,06/19/2026 19:07:04,8
19731,402,0,31890.75,0,32988,0,06/11/2026 14:34:47,06/19/2026 19:07:04,2
2355,402,297.85715,3826.6667,60,65,0,05/20/2026 12:34:28,06/19/2026 19:07:04,8
12042,402,444.4,0,397,0,1,06/15/2026 21:27:29,06/19/2026 19:07:04,7
11957,402,31679.666,62126.547,0,70129,3,06/15/2026 19:58:55,06/19/2026 19:07:04,2
10033,402,250768.45,0,1995,0,20,06/19/2026 00:10:05,06/19/2026 19:07:04,16
43327,402,0,25805.35,10358,10358,6,06/16/2026 21:31:57,06/19/2026 19:07:04,7
35390,402,35000,85570.555,0,0,0,03/19/2026 20:16:07,06/19/2026 19:07:04,0
31999,402,186.2,0,196,0,17,06/16/2026 19:16:01,06/19/2026 19:07:04,20
5346,402,258.4,0,301,0,20,06/19/2026 16:52:03,06/19/2026 19:07:04,20
31989,402,89.35,0,87,0,17,06/18/2026 18:55:53,06/19/2026 19:07:04,20
5056,402,21.214285,156.66667,11,195,20,06/19/2026 16:17:40,06/19/2026 19:07:04,6
19650,402,0,24230.95,0,0,0,05/24/2026 02:04:47,06/19/2026 19:07:04,0
43221,402,0,41730.55,0,80780,0,05/08/2026 15:16:27,06/19/2026 19:07:04,2
19999,402,424.4,0,390,0,9,06/19/2026 09:51:26,06/19/2026 19:07:04,20
43213,402,0,9495.35,0,4434,1,06/17/2026 10:42:18,06/19/2026 19:07:04,4
43854,402,853,0,493,0,1,06/12/2026 19:45:05,06/19/2026 19:07:04,11
4775,402,278.45,0,69,0,12,06/19/2026 14:57:58,06/19/2026 19:07:04,20
31984,402,123.75,0,155,0,20,06/18/2026 18:56:49,06/19/2026 19:07:04,20
43256,402,39902.5,89419.94,0,0,0,06/06/2026 23:11:56,06/19/2026 19:07:04,0
41758,402,564.9,0,595,0,20,06/19/2026 12:01:56,06/19/2026 19:07:04,20
44034,402,141.15,0,144,0,20,06/19/2026 14:16:55,06/19/2026 19:07:04,20
2,402,69.2,0,50,0,20,06/19/2026 14:20:55,06/19/2026 19:07:04,20
33922,402,3635.8,0,3294,0,20,06/18/2026 19:58:39,06/19/2026 19:07:04,17
2714,402,21433864,49339,10000,70009,1,06/14/2026 21:18:08,06/19/2026 19:07:04,2
2416,402,9753.7,0,0,0,0,05/03/2026 02:34:56,06/19/2026 19:07:04,0
2471,402,693,1301.8334,500,17000,0,06/08/2026 15:38:35,06/19/2026 19:07:04,5
12566,402,1183.4166,1510.375,1189,10003,20,06/19/2026 18:09:04,06/19/2026 19:07:04,6
31994,402,161.35,0,378,0,20,06/18/2026 10:13:36,06/19/2026 19:07:04,20
5280,402,637.8125,1821,1000,5990,20,06/19/2026 18:02:17,06/19/2026 19:07:04,7
13805,402,0,34909.65,0,45009,0,05/28/2026 21:52:21,06/19/2026 19:07:04,6
31979,402,250.35,0,400,0,20,06/17/2026 22:35:24,06/19/2026 19:07:04,20
35419,402,20000,47362.895,30000,0,0,05/30/2026 16:03:55,06/19/2026 19:07:04,1
18095,402,0,11034.6,0,5999,0,06/10/2026 19:13:15,06/19/2026 19:07:04,6
9486,402,11386.6,11724.866,24999,26000,0,05/29/2026 13:36:45,06/19/2026 19:07:04,7
18662,402,0,18212,0,2999,0,06/09/2026 20:34:35,06/19/2026 19:07:04,2
7540,402,121421.664,144171.8,144497,144486,4,06/18/2026 21:38:12,06/19/2026 19:07:04,10
5258,402,197.54546,648.6667,1,1800,8,06/18/2026 16:54:55,06/19/2026 19:07:04,20
5485,402,937.8333,1143.375,800,897,20,06/19/2026 10:01:42,06/19/2026 19:07:04,9
18406,402,0,972.2,0,1269,0,06/09/2026 16:44:34,06/19/2026 19:07:04,4
9294,402,50000930,0,4995,0,20,06/19/2026 15:18:51,06/19/2026 19:07:04,20
20546,402,272.65,0,390,0,15,06/19/2026 00:30:28,06/19/2026 19:07:04,12
18037,402,6699.5,17458.889,8399,50000,5,06/17/2026 22:36:17,06/19/2026 19:07:04,2
12585,402,12.45,0,9,0,15,06/19/2026 17:06:50,06/19/2026 19:07:04,16
43859,402,2654.95,0,985,0,1,06/17/2026 23:06:41,06/19/2026 19:07:04,20
41593,402,105972.375,109999,117000,0,2,06/16/2026 13:57:11,06/19/2026 19:07:04,9
5690,402,84.4,0,95,0,7,06/15/2026 16:47:46,06/19/2026 19:07:06,10
5723,402,109.65,0,117,0,11,06/15/2026 23:31:10,06/19/2026 19:07:06,18
4555,402,58827.65,18.666666,2,0,4,06/17/2026 15:23:59,06/19/2026 19:07:06,20
12228,402,309.65,0,986,0,2,06/14/2026 20:16:02,06/19/2026 19:07:06,20
43277,402,23958.285,44461.31,0,0,1,06/13/2026 12:44:21,06/19/2026 19:07:06,0
12222,402,125,166,40,59,6,06/17/2026 09:16:05,06/19/2026 19:07:06,16
18103,402,32549.5,35885.945,0,0,4,06/16/2026 22:41:05,06/19/2026 19:07:06,0
20310,402,35258.05,0,35000,0,20,06/19/2026 12:23:20,06/19/2026 19:07:06,20
21920,402,360.3,0,389,0,14,06/18/2026 22:46:08,06/19/2026 19:07:06,20
39699,402,39936.23,49999.715,44443,100001,2,06/15/2026 00:49:46,06/19/2026 19:07:06,4
3515,402,1572,3223.1538,0,3700,3,06/18/2026 18:41:36,06/19/2026 19:07:06,2
3,402,88.15,0,88,0,20,06/19/2026 13:41:37,06/19/2026 19:07:06,20
32802,402,375792.5,379984.75,350000,0,7,06/15/2026 21:23:51,06/19/2026 19:07:06,4
43332,402,27055.5,56754.223,30000,49900,2,06/17/2026 19:09:43,06/19/2026 19:07:06,4
35065,402,25636.4,29227.2,30986,30999,6,06/14/2026 15:26:36,06/19/2026 19:07:06,6
2496,402,3359.8,5182.533,999,6900,0,06/08/2026 21:51:05,06/19/2026 19:07:06,2
20537,402,2385.45,0,2246,0,6,06/18/2026 22:43:32,06/19/2026 19:07:06,14
19624,402,11283.75,20739.562,0,0,0,06/05/2026 02:35:45,06/19/2026 19:07:06,0
5111,402,126.65,0,200,0,20,06/18/2026 22:54:08,06/19/2026 19:07:06,10
47185,402,0,541165.5,0,639727,11,06/19/2026 17:47:29,06/19/2026 19:39:10,10
5710,402,72.55,0,58,0,5,06/18/2026 18:45:41,06/19/2026 19:07:06,20
43245,402,0,35367.8,0,30000,0,05/22/2026 20:47:33,06/19/2026 19:07:06,2
8554,402,53569.95,0,59986,0,4,06/18/2026 12:46:19,06/19/2026 19:07:06,7
12225,402,205.7,0,69,0,0,06/10/2026 14:07:11,06/19/2026 19:07:06,18
3345,402,1990,10927.8,2100,80023,0,06/08/2026 20:53:58,06/19/2026 19:07:06,4
52092,402,65,0,36,0,20,06/18/2026 19:16:38,06/19/2026 19:07:06,20
30468,402,0,242500.1,0,0,4,06/15/2026 21:30:09,06/19/2026 19:07:06,0
15472,402,962.4,0,2000,0,4,06/17/2026 21:50:48,06/19/2026 19:07:06,4
41766,402,5424.7,0,4789,0,20,06/19/2026 17:25:02,06/19/2026 19:07:06,20
42461,402,73995,48436.367,0,49999,0,05/24/2026 20:45:58,06/19/2026 19:42:43,1
12220,402,31.6,41.8,22,90,9,06/19/2026 00:00:30,06/19/2026 19:07:06,20
2727,402,34999.43,24701.154,0,0,2,06/17/2026 19:19:24,06/19/2026 19:07:06,0
43228,402,41666.668,65777.3,0,0,0,05/29/2026 00:32:47,06/19/2026 19:07:06,0
5352,402,122.3,0,50,0,10,06/17/2026 21:45:16,06/19/2026 19:07:06,3
17329,402,160000,138775.36,0,0,0,01/21/2025 19:41:26,06/19/2026 19:07:06,0
31977,402,92.1,0,138,0,13,06/18/2026 13:16:30,06/19/2026 19:07:06,20
35452,402,9296,27558.723,0,34969,0,06/08/2026 16:16:20,06/19/2026 19:07:06,2
33939,402,1002.25,0,202,0,15,06/16/2026 14:39:15,06/19/2026 19:29:48,20
31988,402,137.15,0,94,0,19,06/19/2026 13:52:47,06/19/2026 19:07:06,20
11956,402,7099,13950.5,0,16994,4,06/18/2026 16:33:54,06/19/2026 19:07:06,2
8831,402,25106.5,0,25110,0,20,06/19/2026 00:09:13,06/19/2026 19:07:06,11
19746,402,0,12495.75,0,14720,0,05/29/2026 15:47:03,06/19/2026 19:07:06,7
43261,402,32727.111,55868.816,0,0,0,05/10/2026 11:48:07,06/19/2026 19:42:43,0
43314,402,84760,81359.87,160000,90000,2,06/15/2026 10:23:43,06/19/2026 19:07:06,6
4099,402,2666.6667,17496.354,0,4000,0,06/11/2026 15:13:30,06/19/2026 19:07:06,4
47184,402,0,540897.25,0,435422,11,06/19/2026 17:47:27,06/19/2026 19:11:49,13
1752,402,1599.2222,5647.636,300,4500,1,06/16/2026 16:55:51,06/19/2026 19:07:06,4
5118,402,151.1,0,158,0,20,06/19/2026 16:38:06,06/19/2026 19:07:06,20
1891,402,440.75,1735.8334,525,799,7,06/18/2026 21:48:48,06/19/2026 19:07:06,7
18512,402,0,17071.7,0,9999,0,06/09/2026 02:48:20,06/19/2026 19:07:06,3
4804,402,174.85,0,0,0,5,06/17/2026 15:00:47,06/19/2026 19:07:06,0
48156,402,1256.3,0,1000,0,10,06/18/2026 13:06:28,06/19/2026 19:07:06,20
35337,402,999,21576,0,21999,0,06/09/2026 20:52:10,06/19/2026 19:07:06,3
5558,402,345.45,0,401,0,20,06/19/2026 01:12:21,06/19/2026 19:07:06,20
10393,402,114390.47,137390,95000,137999,8,06/18/2026 02:29:18,06/19/2026 19:07:06,5
9295,402,82501400,0,9995,0,20,06/19/2026 02:22:43,06/19/2026 19:07:07,20
8015,402,26458.75,0,17150,0,0,06/09/2026 14:41:21,06/19/2026 19:07:07,10
34132,402,0,50559.95,0,0,0,05/30/2026 05:18:52,06/19/2026 19:07:07,0
4379,402,23643.5,15289,0,0,0,05/24/2026 05:28:44,06/19/2026 19:07:07,0
43234,402,0,43584.3,0,20000,0,06/08/2026 20:32:09,06/19/2026 19:07:07,3
2459,402,983.8333,1585.2858,995,1000,0,06/06/2026 00:56:41,06/19/2026 19:07:07,6
2507,402,1224.091,13811.444,0,0,2,06/13/2026 22:09:20,06/19/2026 19:07:07,0
5231,402,438.45,0,306,0,11,06/19/2026 01:22:48,06/19/2026 19:07:07,17
43307,402,20650,77894.21,0,0,0,06/05/2026 00:53:50,06/19/2026 19:07:07,0
2184,402,11959.8,25589.6,0,0,0,04/24/2026 15:20:23,06/19/2026 19:07:07,0
2961,402,44068530,39,45,1999,3,06/16/2026 23:39:41,06/19/2026 19:07:07,16
49302,402,0,364172.5,0,344137,9,06/19/2026 03:56:15,06/19/2026 19:07:07,13
19655,402,15569,32651.895,0,0,0,04/27/2026 16:56:59,06/19/2026 19:07:07,0
28588,402,15710.3,0,26900,0,11,06/19/2026 00:10:03,06/19/2026 19:07:07,10
46252,402,14182.5,0,15000,0,20,06/19/2026 14:55:57,06/19/2026 19:07:07,20
17462,402,948.4211,980,485,50,0,06/12/2026 17:13:56,06/19/2026 19:07:07,12
10168,402,699948.44,0,777777,0,0,06/10/2026 14:33:54,06/19/2026 19:07:07,1
42311,402,709,48409.105,0,0,0,05/27/2026 22:41:27,06/19/2026 19:42:38,0
6173,402,54.75,0,59,0,8,06/18/2026 17:49:00,06/19/2026 19:07:07,20
18051,402,0,28020.65,0,35000,1,06/14/2026 16:49:40,06/19/2026 19:07:07,1
30469,402,0,261000.05,0,0,4,06/15/2026 21:30:15,06/19/2026 19:07:07,0
43286,402,42130,39462,0,0,2,06/16/2026 20:59:23,06/19/2026 19:07:07,0
18196,402,0,21548.45,0,25000,1,06/17/2026 17:03:19,06/19/2026 19:07:07,5
5666,402,1536.1,0,0,0,20,06/18/2026 21:57:17,06/19/2026 19:07:07,0
35348,402,30000,51955.723,0,0,0,04/03/2026 10:52:07,06/19/2026 19:07:07,0
2328,402,1648.7273,5707.5557,3495,3400,0,06/12/2026 13:17:15,06/19/2026 19:07:07,4
10476,402,123585.88,6331.6665,0,0,0,05/21/2024 13:39:13,06/19/2026 19:07:07,0
5707,402,546.15,0,449,0,16,06/17/2026 16:47:19,06/19/2026 19:07:07,20
41776,402,1295.45,0,997,0,20,06/18/2026 15:24:26,06/19/2026 19:07:07,20
27713,402,1548.0769,1499.7142,997,2000,20,06/17/2026 12:59:38,06/19/2026 19:07:07,12
4204,402,32157500,26905.312,0,24492,2,06/15/2026 17:32:16,06/19/2026 19:07:07,2
2344,402,5362.636,30175.555,15000,19996,6,06/17/2026 22:01:37,06/19/2026 19:07:07,7
2363,402,2545.6667,23831.125,0,0,0,05/19/2026 10:40:23,06/19/2026 19:07:07,0
18027,402,213.3,0,333,0,16,06/14/2026 00:45:48,06/19/2026 19:07:07,20
5728,402,109.15,0,120,0,20,06/19/2026 15:06:24,06/19/2026 19:07:07,11
43202,402,10709,16190.105,10000,9999,0,05/25/2026 19:26:09,06/19/2026 19:07:07,7
19729,402,10000,45303.21,0,0,3,06/16/2026 16:06:38,06/19/2026 19:07:07,0
31995,402,900.25,0,2199,0,20,06/19/2026 04:16:19,06/19/2026 19:07:07,3
43342,402,60074,129249.69,0,147000,3,06/16/2026 23:35:21,06/19/2026 19:07:07,3
35427,402,20325,77349.164,0,0,0,05/10/2026 11:02:35,06/19/2026 19:07:07,0
43267,402,15302.25,33510.312,0,12999,0,06/09/2026 14:58:04,06/19/2026 19:07:07,2
26787,402,2109.05,0,2390,0,9,06/18/2026 18:00:00,06/19/2026 19:07:07,12
43242,402,43000,56944.5,0,90780,0,06/05/2026 10:42:14,06/19/2026 19:07:07,1
10036,402,758.75,0,1625,0,20,06/19/2026 01:43:44,06/19/2026 19:07:07,20
41778,402,4796.8,0,4793,0,20,06/19/2026 17:41:00,06/19/2026 19:07:07,20
43216,402,24497,29778.445,0,42500,1,06/16/2026 21:36:24,06/19/2026 19:07:07,2
19623,402,9397.8,31832.4,5000,44998,3,06/14/2026 00:39:57,06/19/2026 19:07:07,12
35434,402,38750,53331.918,0,0,2,06/14/2026 10:57:05,06/19/2026 19:07:07,0
35440,402,0,56540.25,0,67985,1,06/14/2026 16:20:15,06/19/2026 19:07:07,3
20712,402,1454.5,0,2219,0,6,06/16/2026 11:35:16,06/19/2026 19:07:07,8
26736,402,1460.85,0,1000,0,9,06/18/2026 18:49:39,06/19/2026 19:07:07,7
35454,402,0,7781.45,3200,3180,0,06/10/2026 11:25:51,06/19/2026 19:07:09,4
5,402,58.3,0,60,0,18,06/18/2026 23:36:12,06/19/2026 19:07:09,20
17322,402,120000,288571.94,0,0,0,01/11/2025 21:14:38,06/19/2026 19:07:09,0
5528,402,239.7,0,201,0,20,06/19/2026 08:44:12,06/19/2026 19:07:09,20
43250,402,22105.143,53428.383,0,0,0,05/10/2026 11:48:11,06/19/2026 19:07:09,0
7,402,73.4,0,78,0,20,06/19/2026 12:42:01,06/19/2026 19:07:09,20
18038,402,0,21210.2,0,0,3,06/14/2026 20:34:22,06/19/2026 19:07:09,0
35380,402,1000,19862.422,0,0,0,05/14/2026 17:36:07,06/19/2026 19:07:09,0
8559,402,67963.5,0,81550,0,2,06/18/2026 04:25:21,06/19/2026 19:07:09,14
11962,402,16091.692,38883.285,0,32212,5,06/18/2026 22:19:41,06/19/2026 19:07:09,8
36238,402,5840.9287,6226.3335,2899,2900,10,06/17/2026 16:58:36,06/19/2026 19:07:09,14
45992,402,262.85,0,385,0,0,02/21/2026 14:08:48,06/19/2026 19:07:09,9
20000,402,106,0,50,0,12,06/18/2026 14:19:04,06/19/2026 19:07:09,14
10174,402,742498.8,0,777777,0,1,06/15/2026 19:54:51,06/19/2026 19:07:09,2
3019,402,1752.6154,7390.7144,2300,20995,2,06/14/2026 15:54:39,06/19/2026 19:07:09,3
7952,402,10470.4,0,7500,0,0,06/07/2026 00:14:50,06/19/2026 19:07:09,5
2347,402,287.8,6088.2,249,9000,0,06/12/2026 15:15:04,06/19/2026 19:07:09,4
14869,402,51995,56450,0,0,7,06/16/2026 11:20:56,06/19/2026 19:07:09,0
35383,402,43999.5,27176.166,45997,0,1,06/14/2026 10:58:46,06/19/2026 19:07:09,2
11876,402,2495.6155,39604.285,899,16000,1,06/14/2026 14:28:34,06/19/2026 19:07:09,9
48158,402,42.4,0,1,0,20,06/19/2026 02:41:54,06/19/2026 19:07:09,10
3310,402,2503012,3046.4167,4199,1004,0,06/10/2026 19:21:22,06/19/2026 19:07:09,6
30055,402,29283.053,37589,38607,0,14,06/19/2026 10:38:04,06/19/2026 19:07:09,9
44017,402,62.35,0,49,0,14,06/18/2026 16:17:48,06/19/2026 19:10:56,20
10335,402,528.2,0,450,0,20,06/18/2026 20:09:02,06/19/2026 19:07:09,20
19856,402,506.75,0,0,0,1,06/13/2026 19:30:45,06/19/2026 19:07:09,0
31978,402,116.3,0,160,0,15,06/17/2026 18:25:29,06/19/2026 19:07:09,20
43272,402,37055.5,78900.5,0,0,0,06/04/2026 20:13:02,06/19/2026 19:42:43,0
16672,402,39131.715,44566.54,39000,0,2,06/17/2026 16:44:57,06/19/2026 19:07:09,1
5292,402,7.9,0,1,0,7,06/19/2026 12:25:39,06/19/2026 19:07:09,20
3536,402,11077.833,6264796,0,0,1,06/16/2026 23:22:12,06/19/2026 19:07:09,0
18391,402,0,25960.3,0,32829,1,06/15/2026 23:19:13,06/19/2026 19:07:09,1
41775,402,1420.35,0,999,0,20,06/19/2026 05:05:03,06/19/2026 19:07:09,20
14834,402,3229.1,0,2398,0,1,06/14/2026 19:28:16,06/19/2026 19:07:09,14
27193,402,30000,47499.79,0,0,1,06/16/2026 23:35:18,06/19/2026 19:07:09,0
18421,402,0,27657.8,0,0,0,06/09/2026 18:33:49,06/19/2026 19:07:09,0
36716,402,50000,92521,0,0,0,08/18/2025 13:28:58,06/19/2026 19:07:09,0
44432,402,0,320644.9,0,350000,5,06/18/2026 15:44:10,06/19/2026 19:11:49,2
0,402,0,0,0,0,0,,06/19/2026 21:34:36,0
6408,402,3637.8,0,4499,0,0,05/25/2026 19:52:51,06/19/2026 19:07:09,5
19016,402,20221.25,17883.5,33333,0,0,06/11/2026 17:23:38,06/19/2026 19:07:09,1
18531,402,0,20578.8,0,27995,0,05/25/2026 16:39:26,06/19/2026 19:07:09,1
3336,402,8077.7856,13196.667,0,0,0,05/26/2026 17:44:41,06/19/2026 19:07:09,0
13093,402,1699316.9,0,3480000,0,0,05/04/2026 23:24:28,06/19/2026 19:07:09,1
27712,402,885.7778,1500.5,428,1383,11,06/17/2026 11:11:22,06/19/2026 19:07:09,20
3415,402,10000,17864.445,0,0,0,06/10/2026 13:05:01,06/19/2026 19:07:09,0
35415,402,0,42874,0,0,2,06/17/2026 13:57:42,06/19/2026 19:07:09,0
43225,402,0,30813.3,0,60000,0,03/24/2026 04:08:27,06/19/2026 19:07:09,2
30111,402,1566.95,0,2200,0,20,06/19/2026 07:54:51,06/19/2026 19:07:09,20
39682,402,39428.727,83364.22,75000,0,6,06/19/2026 11:01:36,06/19/2026 19:07:09,1
13717,402,700.35,0,501,0,20,06/19/2026 00:36:12,06/19/2026 19:07:09,20
35343,402,500,22936.895,0,0,0,05/20/2026 11:55:22,06/19/2026 19:07:09,0
30459,402,0,188999.55,0,200000,2,06/16/2026 18:04:27,06/19/2026 19:07:09,1
3771,402,13306.25,11843.167,0,0,0,06/10/2026 15:01:56,06/19/2026 19:07:11,0
2495,402,561.5714,4022.6155,4000,3990,0,05/30/2026 00:50:07,06/19/2026 19:07:11,17
6183,402,1045.35,0,173,0,9,06/17/2026 23:50:41,06/19/2026 19:07:11,20
2185,402,4227.0713,32173.834,6990,39999,0,06/11/2026 14:23:30,06/19/2026 19:07:11,3
7776,402,7914.95,0,4000,0,0,06/11/2026 18:58:23,06/19/2026 19:07:11,9
16,402,281.15,0,243,0,20,06/19/2026 11:04:51,06/19/2026 19:07:11,20
5708,402,10314.8,0,11891,0,20,06/17/2026 14:31:24,06/19/2026 19:07:11,12
36708,402,28999,78751.42,0,0,0,09/08/2025 19:42:09,06/19/2026 19:12:18,0
26802,402,3532.75,0,23750,0,2,06/18/2026 18:00:36,06/19/2026 19:07:11,14
17327,402,52499.5,152239.94,0,0,0,12/02/2025 07:59:38,06/19/2026 19:07:11,0
2469,402,2775,5053,0,500,1,06/16/2026 19:27:20,06/19/2026 19:07:11,2
35416,402,77998,54410.95,0,78000,2,06/19/2026 17:55:36,06/19/2026 19:07:11,1
2653,402,8308146,1984.7142,1000000,950,4,06/18/2026 16:15:53,06/19/2026 19:07:11,2
36715,402,0,64824.95,0,0,0,04/29/2026 23:56:31,06/19/2026 19:07:11,0
30470,402,0,248750.05,0,0,4,06/15/2026 21:30:20,06/19/2026 19:07:11,0
28802,402,213.35,0,394,999,0,06/06/2026 23:29:20,06/19/2026 19:07:11,5
3317,402,10589.333,12835.454,0,0,0,06/10/2026 08:56:29,06/19/2026 19:07:11,0
20689,402,1979.8,0,3099,0,0,06/07/2026 13:35:43,06/19/2026 19:07:11,11
36707,402,0,113783,0,0,0,07/03/2024 23:06:07,06/19/2026 19:07:11,0
44007,402,381.55,0,349,0,20,06/19/2026 18:24:51,06/19/2026 19:07:11,17
12026,402,34999.5,52862.61,44998,45999,4,06/16/2026 21:32:52,06/19/2026 19:07:11,4
5501,402,227.55,0,370,0,20,06/18/2026 22:19:24,06/19/2026 19:07:11,13
43308,402,34695,53043.11,0,0,0,06/01/2026 23:09:53,06/19/2026 19:08:56,0
27357,402,0,46010.9,0,10000,0,05/14/2026 20:26:56,06/19/2026 19:07:11,1
51277,402,195.7,0,200,0,20,06/19/2026 12:10:39,06/19/2026 19:07:11,20
2380,402,139,4290.5,1000,9899,0,06/12/2026 18:57:42,06/19/2026 19:07:11,3
5536,402,262.15,0,239,0,20,06/19/2026 00:20:23,06/19/2026 19:07:11,20
43207,402,50000,51086.723,0,0,0,06/12/2026 05:38:29,06/19/2026 19:07:11,0
13775,402,5542.3,0,39999,0,20,06/18/2026 23:53:04,06/19/2026 19:07:11,7
43223,402,67000,65231.42,0,0,0,06/12/2026 01:40:00,06/19/2026 19:07:11,0
5359,402,142.2,0,100,0,20,06/18/2026 23:59:19,06/19/2026 19:07:11,19
5376,402,160.5,215.625,190,240,20,06/19/2026 18:19:55,06/19/2026 19:07:11,20
5675,402,381.6,0,190,0,20,06/18/2026 23:59:30,06/19/2026 19:07:11,5
19857,402,68.8,0,5,0,3,06/16/2026 08:49:05,06/19/2026 19:07:11,20
43855,402,4147.35,0,1797,0,2,06/17/2026 17:35:36,06/19/2026 19:07:11,20
27195,402,32000,40999,0,0,0,06/11/2026 19:47:12,06/19/2026 19:07:11,0
37808,402,23506,35396.7,75112,75122,2,06/16/2026 22:39:55,06/19/2026 19:07:11,8
6455,402,24727.45,0,0,0,1,06/15/2026 20:53:44,06/19/2026 19:07:11,0
26436,402,15449.75,7893.5625,25997,7500,0,06/12/2026 13:55:13,06/19/2026 19:07:11,17
9287,402,1596897.1,0,64224,0,0,06/12/2026 17:54:05,06/19/2026 19:07:11,7
23168,402,499.5,1610.8889,0,1450,15,06/18/2026 12:52:23,06/19/2026 19:07:11,20
9288,402,734842.1,0,58850,0,2,06/18/2026 21:16:46,06/19/2026 19:07:11,9
7588,402,106.3,0,100,0,13,06/18/2026 17:41:02,06/19/2026 19:07:11,11
35445,402,0,31674.8,0,0,3,06/19/2026 12:49:31,06/19/2026 19:07:11,0
15,402,143,0,157,0,18,06/18/2026 17:30:03,06/19/2026 19:07:11,16
24000,402,17610.6,0,16124,0,5,06/18/2026 17:59:38,06/19/2026 19:07:11,15
43858,402,612.05,0,999,0,20,06/17/2026 15:26:06,06/19/2026 19:07:11,20
24634,402,184.1,0,300,0,16,06/18/2026 17:59:43,06/19/2026 19:07:11,17
13715,402,1149.6,0,1500,0,20,06/19/2026 14:03:23,06/19/2026 19:07:11,17
18068,402,19999,33425.684,0,0,0,06/07/2026 20:09:24,06/19/2026 19:07:11,0
25194,402,1072,0,559,0,7,06/18/2026 18:49:24,06/19/2026 19:07:11,13
43263,402,40000,65594.31,0,0,1,06/16/2026 12:25:01,06/19/2026 19:07:11,0
43275,402,55955,59003.668,0,59999,0,05/13/2026 22:46:40,06/19/2026 19:07:14,1
35457,402,30000,59315.844,0,59999,0,05/22/2026 23:08:59,06/19/2026 19:07:14,1
43258,402,42618.168,80908.36,85000,0,0,06/01/2026 23:08:18,06/19/2026 19:07:14,1
10400,402,31747.85,0,0,0,1,06/14/2026 00:27:00,06/19/2026 19:07:14,0
5532,402,418.75,0,398,0,20,06/19/2026 01:57:25,06/19/2026 19:07:14,20
2660,402,2227052.5,10230.818,0,4995,1,06/14/2026 15:54:32,06/19/2026 19:07:14,3
7542,402,50437.26,74992,50000,62000,1,06/15/2026 20:06:41,06/19/2026 19:07:14,11
21063,402,599,0,850,0,13,06/19/2026 00:54:02,06/19/2026 19:07:14,15
35338,402,0,14425.35,0,17777,0,05/31/2026 02:28:44,06/19/2026 19:07:14,1
2990,402,9572.5,0,10000,0,0,06/11/2026 17:49:50,06/19/2026 19:07:14,1
11967,402,46023,56064.934,60000,64130,3,06/17/2026 14:05:41,06/19/2026 19:07:14,6
3527,402,1268869.6,0,0,0,0,06/10/2026 15:55:37,06/19/2026 19:07:14,0
10395,402,114393.37,200000,99980,0,5,06/18/2026 01:41:38,06/19/2026 19:07:14,2
1602,402,715280.4,3552.6667,450,504,2,06/17/2026 22:06:59,06/19/2026 19:07:14,13
35436,402,90000,74050.31,0,38000,1,06/14/2026 07:09:30,06/19/2026 19:07:14,1
5671,402,1005.1,0,298,0,20,06/19/2026 15:14:56,06/19/2026 19:07:14,11
52091,402,986,0,554,0,20,06/19/2026 19:26:30,06/19/2026 19:49:21,20
9293,402,1357.55,0,999,0,20,06/18/2026 21:11:11,06/19/2026 19:07:14,20
35366,402,62000,55637.312,0,0,0,06/02/2026 19:39:44,06/19/2026 19:07:14,0
43340,402,20159.166,1336068.1,0,99000,2,06/16/2026 14:56:17,06/19/2026 19:07:14,3
9,402,69,0,48,0,20,06/18/2026 22:12:11,06/19/2026 19:07:14,20
43232,402,0,35962,0,80780,0,05/08/2026 15:16:31,06/19/2026 19:07:14,1
43295,402,60000,73141.21,0,79995,5,06/17/2026 10:12:17,06/19/2026 19:07:14,2
20389,402,0,56744.2,80000,40271,0,06/11/2026 20:25:23,06/19/2026 19:07:14,5
5700,402,72.4,0,70,0,8,06/15/2026 16:45:22,06/19/2026 19:07:14,20
11916,402,0,35420.05,74949,20495,0,05/13/2026 18:21:47,06/19/2026 19:07:14,4
4205,402,10688.625,2519642.5,0,40000,1,06/14/2026 09:00:09,06/19/2026 19:07:14,3
5291,402,1.8,0,1,0,9,06/17/2026 22:28:44,06/19/2026 19:07:14,20
38911,402,0,249998.66,0,250000,0,06/11/2026 17:27:07,06/19/2026 19:12:18,2
45991,402,220,0,279,0,1,06/12/2026 22:36:35,06/19/2026 19:07:14,6
3057,402,6073.727,17290.445,22000,0,3,06/14/2026 19:28:16,06/19/2026 19:07:14,2
2341,402,2292.25,4274.25,0,4999,5,06/17/2026 08:57:41,06/19/2026 19:07:14,1
5718,402,446.6,0,415,0,20,06/18/2026 21:47:48,06/19/2026 19:07:14,14
12653,402,1224.25,0,1150,0,6,06/14/2026 07:27:52,06/19/2026 19:07:14,6
41834,402,8840.7,0,12000,0,1,06/14/2026 16:59:21,06/19/2026 19:07:14,20
10387,402,1108442.1,0,12949,0,3,06/16/2026 23:45:30,06/19/2026 19:07:14,11
18352,402,0,8019.7,0,999,0,05/30/2026 13:22:54,06/19/2026 19:07:14,4
7023,402,933.6667,1989.9412,1700,1990,20,06/17/2026 18:58:19,06/19/2026 19:07:14,15
12654,402,7853.85,0,3005,0,0,05/22/2026 21:53:42,06/19/2026 19:07:14,14
1607,402,2885.8333,6751,3499,0,2,06/14/2026 15:22:44,06/19/2026 19:07:14,4
30761,402,368333.84,0,0,0,3,06/16/2026 20:17:27,06/19/2026 19:07:14,0
43343,402,0,71528.3,120000,120000,2,06/14/2026 16:25:19,06/19/2026 19:07:14,4
35364,402,62000,60030.832,0,0,0,06/07/2026 22:48:56,06/19/2026 19:07:14,0
7018,402,1355.1111,2102,995,0,9,06/16/2026 18:27:34,06/19/2026 19:07:14,8
12020,402,0,52343.35,0,49746,9,06/16/2026 14:42:12,06/19/2026 19:07:14,4
1659,402,7155.9287,28827.5,3500,0,1,06/19/2026 07:03:32,06/19/2026 19:07:14,2
4803,402,94,0,35,0,3,06/18/2026 09:59:54,06/19/2026 19:07:14,10
32000,402,65.15,0,38,0,14,06/18/2026 21:51:17,06/19/2026 19:07:14,20
9283,402,10043689,0,38987,0,0,06/10/2026 22:22:26,06/19/2026 19:07:14,5
19511,402,0,32510.5,30000,49999,0,06/06/2026 10:37:11,06/19/2026 19:07:14,2
18189,402,0,5666.6,0,4700,0,06/11/2026 14:06:15,06/19/2026 19:07:14,5
13284,402,560.95,0,387,0,14,06/19/2026 00:27:53,06/19/2026 19:07:14,20
21911,402,748.95,0,999,0,13,06/18/2026 22:45:00,06/19/2026 19:07:17,7
5506,402,5317.294,7259,0,0,14,06/18/2026 14:41:08,06/19/2026 19:07:17,0
31990,402,181.65,0,169,0,19,06/18/2026 18:56:18,06/19/2026 19:07:17,16
35997,402,3813200.8,0,59999,0,0,06/08/2026 17:29:20,06/19/2026 19:07:17,7
49238,402,0,4567.45,2898,4548,20,06/19/2026 17:08:14,06/19/2026 19:07:17,20
35341,402,0,48404.35,0,0,0,04/28/2026 00:18:12,06/19/2026 19:07:17,0
5345,402,650.4,0,748,0,20,06/19/2026 15:01:26,06/19/2026 19:07:17,20
44091,402,200.5,1147.1666,199,1130,20,06/19/2026 11:57:16,06/19/2026 19:07:17,20
23998,402,176.45,0,300,0,10,06/19/2026 00:54:56,06/19/2026 19:07:17,6
6417,402,665.5,0,332,0,0,05/24/2026 17:09:00,06/19/2026 19:07:17,10
4553,402,211.18182,271.22223,111,100,1,06/13/2026 15:16:48,06/19/2026 19:07:17,7
17328,402,0,134396.5,0,0,0,12/06/2024 18:33:18,06/19/2026 19:07:17,0
43335,402,25000,58399.684,0,0,0,06/01/2026 23:10:39,06/19/2026 19:07:17,0
18050,402,0,21626.4,0,30550,2,06/15/2026 15:01:39,06/19/2026 19:07:17,3
41774,402,670.35,0,500,0,20,06/19/2026 12:32:01,06/19/2026 19:07:17,20
18265,402,0,26004.7,0,50000,1,06/17/2026 16:45:51,06/19/2026 19:07:17,1
41760,402,708.3,0,709,0,20,06/19/2026 11:33:21,06/19/2026 19:07:17,20
7621,402,259,0,275,0,20,06/19/2026 11:38:39,06/19/2026 19:07:17,20
44180,402,0,6199.15,0,0,0,11/18/2025 18:18:43,06/19/2026 19:07:17,0
17974,402,18262.75,0,15593,0,0,06/08/2026 16:09:31,06/19/2026 19:07:17,15
5681,402,1362.9,0,499,0,14,06/18/2026 20:07:22,06/19/2026 19:07:17,5
44848,402,3744.8,0,3489,0,20,06/19/2026 18:03:33,06/19/2026 19:07:17,20
23356,402,243.05,0,1400,0,2,06/13/2026 16:10:15,06/19/2026 19:07:17,9
33924,402,1831.5,0,699,0,0,06/12/2026 00:28:29,06/19/2026 19:07:17,20
3052,402,5171,34003.535,0,24019,0,06/03/2026 20:25:31,06/19/2026 19:07:17,1
44033,402,857.6667,1861.625,900,0,20,06/19/2026 16:16:23,06/19/2026 19:28:33,4
3532,402,7254.7,363811.4,24990,0,3,06/15/2026 19:57:50,06/19/2026 19:07:17,2
42499,402,20000,30784.947,0,25999,0,06/12/2026 01:43:34,06/19/2026 19:07:17,5
5594,402,57.3,0,40,0,14,06/17/2026 20:17:20,06/19/2026 19:07:17,18
41779,402,2083.35,0,3088,0,20,06/19/2026 15:45:46,06/19/2026 19:07:17,20
2430,402,100.8,598.4,193,500,1,06/16/2026 15:48:57,06/19/2026 19:07:17,6
41770,402,493.25,0,1300,0,20,06/19/2026 00:32:23,06/19/2026 19:07:17,11
18100,402,48249,38658.875,0,0,0,06/05/2026 14:29:38,06/19/2026 19:07:17,0
3041,402,9587.333,10598.637,18500,10000,0,06/04/2026 23:49:42,06/19/2026 19:07:17,2
34298,402,0,18593.7,0,37999,3,06/18/2026 13:41:48,06/19/2026 19:07:17,2
20530,402,840.25,0,900,0,10,06/18/2026 22:42:48,06/19/2026 19:07:17,9
5709,402,32.85,0,30,0,4,06/17/2026 15:40:53,06/19/2026 19:07:17,20
43276,402,42500,44507.277,20709,23000,0,03/31/2026 02:56:28,06/19/2026 19:07:17,3
18369,402,0,27882.55,0,0,0,05/28/2026 22:26:47,06/19/2026 19:07:17,0
43333,402,37203.5,49492.277,0,0,0,06/03/2026 07:15:20,06/19/2026 19:07:17,0
4105,402,50002500,13721.833,0,15000,0,06/10/2026 10:18:49,06/19/2026 19:07:17,4
14853,402,6353.1055,8750,8988,19900,5,06/18/2026 00:19:22,06/19/2026 19:07:17,7
10936,402,19533.75,58566.938,27000,16999,2,06/18/2026 15:26:14,06/19/2026 19:07:17,5
2598,402,134.4,0,0,0,0,05/28/2026 10:50:24,06/19/2026 19:07:17,0
35377,402,0,26670.85,0,0,0,02/19/2026 09:10:41,06/19/2026 19:07:17,0
50307,402,305370.75,0,498987,0,0,06/03/2026 15:41:53,06/19/2026 19:49:28,5
18392,402,0,22579.9,0,20000,0,06/12/2026 14:27:23,06/19/2026 19:07:17,1
27690,402,368.05554,486.5,272,699,16,06/19/2026 14:13:34,06/19/2026 19:07:17,17
5289,402,453.75,574.25,301,0,16,06/19/2026 01:57:05,06/19/2026 19:07:17,15
2493,402,9197.45,0,0,0,0,06/07/2026 08:58:24,06/19/2026 19:07:17,0
8214,402,172.95,0,99,0,10,06/18/2026 18:11:59,06/19/2026 19:07:17,20
35428,402,0,49999,0,0,0,05/21/2026 13:01:44,06/19/2026 19:07:17,0
3860,402,16806,18311.334,0,0,0,05/18/2026 23:56:27,06/19/2026 19:07:19,0
19649,402,0,29152.6,0,0,0,05/10/2026 19:47:48,06/19/2026 19:07:19,0
43265,402,10778.8,39294.332,0,0,0,04/27/2026 11:26:01,06/19/2026 19:07:19,0
10389,402,13653.05,0,50000,0,2,06/17/2026 23:18:53,06/19/2026 19:07:19,5
19932,402,96.25,0,87,0,12,06/17/2026 18:49:37,06/19/2026 19:07:19,17
6414,402,3831,0,5000,0,0,06/06/2026 00:04:01,06/19/2026 19:07:19,1
31975,402,441.3,0,500,0,7,06/17/2026 18:04:45,06/19/2026 19:07:19,9
47188,402,0,652582.6,0,498000,10,06/19/2026 17:47:37,06/19/2026 19:39:10,9
9284,402,45664.4,0,58991,0,0,06/08/2026 14:19:45,06/19/2026 19:07:19,2
27094,402,0,37712.55,0,23898,2,06/15/2026 13:05:14,06/19/2026 19:07:19,1
35461,402,40449.5,20224.277,0,0,0,05/29/2026 06:41:32,06/19/2026 19:07:19,0
21823,402,439.4,0,14,0,20,06/18/2026 22:15:30,06/19/2026 19:07:19,20
2351,402,1175.579,20100,1650,0,0,06/08/2026 01:41:25,06/19/2026 19:07:19,3
14276,402,9515803,0,1,0,0,06/12/2026 13:00:52,06/19/2026 19:07:19,20
23032,402,349.8,0,850,0,7,06/18/2026 23:47:02,06/19/2026 19:07:19,4
47281,402,352216.75,0,100000,0,0,04/09/2026 10:37:16,06/19/2026 19:49:28,1
32826,402,12241.6,0,9900,0,20,06/19/2026 07:54:35,06/19/2026 19:07:19,20
31991,402,97.8,0,139,0,20,06/19/2026 04:15:51,06/19/2026 19:07:19,20
35417,402,0,48133,0,0,2,06/17/2026 22:22:20,06/19/2026 19:07:19,0
13708,402,48729.95,0,50000,0,20,06/19/2026 15:50:45,06/19/2026 19:07:19,20
3102,402,1093.7368,9999,0,0,4,06/15/2026 18:07:52,06/19/2026 19:07:19,0
5120,402,611.9,0,694,0,20,06/18/2026 14:42:36,06/19/2026 19:07:19,11
27284,402,1018.5,0,1400,0,12,06/19/2026 18:29:49,06/19/2026 19:07:19,19
2446,402,11480.818,25278.223,215,19999,1,06/13/2026 19:41:23,06/19/2026 19:07:19,3
31998,402,158.05,0,298,0,20,06/19/2026 04:15:06,06/19/2026 19:07:19,20
45990,402,359.55,0,1000,0,0,06/03/2026 14:04:30,06/19/2026 19:07:19,3
28724,402,417.1,0,4,0,20,06/18/2026 20:36:25,06/19/2026 19:07:19,20
2352,402,13428,22141.77,0,0,0,05/16/2026 19:06:38,06/19/2026 19:07:19,0
2631,402,4586.778,9133.363,0,0,12,06/18/2026 13:38:44,06/19/2026 19:07:19,0
7590,402,549.2,0,640,0,20,06/18/2026 17:40:46,06/19/2026 19:07:19,8
19654,402,0,33919.6,0,0,0,05/26/2026 15:03:10,06/19/2026 19:07:19,0
44023,402,979,1841.125,800,2000,20,06/19/2026 17:03:32,06/19/2026 19:07:19,20
2409,402,1974.2222,3817.5454,0,10999,0,06/02/2026 18:25:19,06/19/2026 19:07:19,2
35430,402,96666.664,87394.93,0,0,0,05/18/2026 06:14:16,06/19/2026 19:07:19,0
20720,402,1311.85,0,2130,0,2,06/13/2026 21:09:50,06/19/2026 19:07:19,10
42303,402,37055.5,67204.164,0,0,1,06/14/2026 16:23:04,06/19/2026 19:10:56,0
18025,402,136.55,0,99,0,10,06/13/2026 15:07:20,06/19/2026 19:07:19,19
20536,402,141.85,0,149,0,8,06/18/2026 22:43:04,06/19/2026 19:07:19,6
20699,402,1736.5,0,2029,0,0,06/07/2026 14:31:47,06/19/2026 19:07:19,3
49209,402,1699.85,0,1500,0,20,06/19/2026 13:15:57,06/19/2026 19:07:19,18
4641,402,57.4,390.4,9,10,0,06/11/2026 02:38:02,06/19/2026 19:07:19,2
35466,402,0,31776.15,0,60326,0,05/13/2026 22:22:00,06/19/2026 19:07:19,4
3533,402,23603040,6775.933,0,10004,0,06/11/2026 13:35:23,06/19/2026 19:07:19,1
4766,402,59.35,0,39,0,16,06/19/2026 13:57:22,06/19/2026 19:07:19,6
5665,402,527.1,0,200,0,20,06/17/2026 23:20:38,06/19/2026 19:07:19,6
11969,402,21177,23744.422,0,0,0,05/29/2026 19:28:41,06/19/2026 19:07:19,0
25697,402,49665.223,37764.363,0,0,0,06/07/2026 22:33:06,06/19/2026 19:07:19,0
41767,402,9874.5,0,9599,0,20,06/19/2026 17:47:43,06/19/2026 19:07:19,20
11955,402,0,40537.55,0,40085,4,06/17/2026 20:45:00,06/19/2026 19:07:19,2
35385,402,0,62493.85,0,0,0,04/13/2026 12:24:46,06/19/2026 19:07:19,0
47979,402,54691.8,0,79993,0,20,06/19/2026 13:38:50,06/19/2026 19:07:19,20
31982,402,46,0,50,0,7,06/18/2026 18:56:57,06/19/2026 19:07:19,14
21916,402,2933.75,0,500,0,8,06/18/2026 22:46:04,06/19/2026 19:07:19,9
35327,402,0,41231.35,0,0,0,05/31/2026 02:28:55,06/19/2026 19:07:20,0
30467,402,0,260000.05,0,300000,5,06/16/2026 22:33:40,06/19/2026 19:07:20,1
22509,402,351949.75,0,800,0,4,06/16/2026 23:46:02,06/19/2026 19:07:20,18
47282,402,326613.2,0,0,0,0,06/03/2026 15:40:59,06/19/2026 19:49:28,0
5682,402,100.95,0,99,0,8,06/16/2026 00:44:39,06/19/2026 19:07:20,19
43248,402,30709,43197.105,0,40100,0,05/22/2026 16:27:34,06/19/2026 19:07:20,1
5680,402,117.65,0,60,0,18,06/18/2026 16:58:38,06/19/2026 19:07:20,14
39704,402,42827.54,70714,0,0,3,06/16/2026 18:58:09,06/19/2026 19:07:20,0
30460,402,0,200892.1,0,100000,0,05/19/2026 16:43:44,06/19/2026 19:07:20,4
2443,402,161.9,703,400,1305,0,06/08/2026 22:08:37,06/19/2026 19:07:20,8
4855,402,6,89.14286,1,1,0,05/24/2026 21:48:17,06/19/2026 19:07:20,14
5368,402,117.92857,153,100,99,8,06/19/2026 14:57:08,06/19/2026 19:07:20,13
19930,402,318.25,0,490,0,16,06/18/2026 16:11:12,06/19/2026 19:07:20,5
13117,402,9633.05,0,6999,0,20,06/19/2026 09:46:11,06/19/2026 19:07:20,20
42456,402,50000.5,51397.89,0,0,0,05/25/2026 16:09:04,06/19/2026 19:42:43,0
9285,402,32182.6,0,77777,0,1,06/13/2026 23:17:17,06/19/2026 19:07:20,8
43239,402,29000,32858.156,0,0,0,05/29/2026 00:32:50,06/19/2026 19:07:20,0
5696,402,2762.85,0,3000,0,12,06/19/2026 10:24:26,06/19/2026 19:07:20,3
50303,402,240713.2,0,399925,0,0,05/29/2026 20:44:33,06/19/2026 19:49:28,1
2652,402,16253522,10266.182,9933,9998,3,06/15/2026 05:22:51,06/19/2026 19:07:20,14
42304,402,0,28702.1,0,2500,1,06/16/2026 03:18:28,06/19/2026 19:10:56,11
41765,402,1532.7,0,899,0,20,06/19/2026 14:45:29,06/19/2026 19:29:48,20
35333,402,0,18086.85,0,18776,1,06/12/2026 21:24:05,06/19/2026 19:07:20,1
11980,402,18600,33094.465,0,0,0,06/06/2026 17:04:01,06/19/2026 19:07:20,0
43212,402,12499,44105.74,0,20000,1,06/17/2026 10:08:41,06/19/2026 19:07:20,1
24006,402,4410.15,0,5490,0,6,06/17/2026 19:14:41,06/19/2026 19:07:20,18
5518,402,84.75,0,47,0,20,06/19/2026 01:12:37,06/19/2026 19:07:20,7
35358,402,0,52763.85,0,70000,0,04/04/2026 15:21:24,06/19/2026 19:07:20,1
27192,402,35000,63210.473,0,0,0,06/10/2026 22:05:58,06/19/2026 19:07:20,0
21917,402,110.7,0,560,0,10,06/18/2026 22:32:28,06/19/2026 19:07:20,3
20539,402,236.6,0,58,0,16,06/18/2026 22:31:44,06/19/2026 19:07:20,20
35451,402,0,44996.65,0,2326,3,06/13/2026 11:26:58,06/19/2026 19:07:20,3
15927,402,73885.85,0,96989,0,6,06/18/2026 00:55:24,06/19/2026 19:07:20,5
5073,402,457.64285,723.5,125,147,14,06/18/2026 21:56:51,06/19/2026 19:07:20,19
18238,402,0,35526.75,0,40571,1,06/14/2026 21:32:31,06/19/2026 19:07:20,2
31971,402,163.85,0,200,0,11,06/18/2026 13:16:37,06/19/2026 19:07:20,14
18,402,136.45,0,21,0,17,06/18/2026 18:16:52,06/19/2026 19:07:20,20
35437,402,90000,65019.05,89999,0,0,06/10/2026 23:10:43,06/19/2026 19:07:20,1
18395,402,24999,34908.316,0,36000,0,06/08/2026 16:13:39,06/19/2026 19:07:20,2
18416,402,0,8505156,0,2694,0,06/08/2026 16:13:51,06/19/2026 19:07:20,4
3742,402,33.833332,9991.929,101,50000000,5,06/17/2026 19:45:15,06/19/2026 19:07:20,3
13071,402,1678.2,0,1889,0,1,06/17/2026 19:04:31,06/19/2026 19:07:20,19
47987,402,4612.1,0,4999,0,20,06/19/2026 07:56:33,06/19/2026 19:07:20,20
15921,402,39091,20000,34000,50000,2,06/15/2026 13:31:25,06/19/2026 19:07:20,8
25683,402,0,63362.15,0,49999,1,06/18/2026 22:12:01,06/19/2026 19:07:20,2
42314,402,50709,69846.79,0,0,0,05/18/2026 21:36:53,06/19/2026 19:42:38,0
43337,402,0,59866.6,0,50000,0,06/08/2026 23:33:19,06/19/2026 19:07:20,3
31976,402,381.5,0,99993,0,15,06/17/2026 22:34:47,06/19/2026 19:07:20,2
5699,402,188.95,0,149,0,20,06/19/2026 14:02:40,06/19/2026 19:07:20,15
43309,402,43847.75,55186.562,0,55000,0,06/10/2026 13:27:58,06/19/2026 19:07:20,1
35456,402,0,39247.85,0,0,0,06/08/2026 14:07:20,06/19/2026 19:07:20,0
17736,402,927462.4,0,0,0,0,08/28/2024 07:48:03,06/19/2026 19:07:20,0
5367,402,424.07693,553,0,0,20,06/19/2026 10:29:20,06/19/2026 19:07:20,0
39683,402,74539.875,44500.25,0,0,1,06/14/2026 20:19:56,06/19/2026 19:07:20,0
35418,402,0,49394.4,0,48000,2,06/17/2026 13:58:14,06/19/2026 19:07:20,1
3639,402,7331.385,24499.428,0,0,1,06/17/2026 21:45:22,06/19/2026 19:07:20,0
10162,402,716059.1,0,777777,0,0,06/06/2026 02:04:22,06/19/2026 19:07:22,2
35332,402,0,13160.55,0,12776,0,06/09/2026 08:28:36,06/19/2026 19:07:22,1
3757,402,24054.55,0,0,0,2,06/16/2026 02:38:17,06/19/2026 19:07:22,0
41780,402,16690.4,0,14661,0,20,06/19/2026 16:34:15,06/19/2026 19:07:22,20
21792,402,846837.3,0,749990,0,5,06/19/2026 13:30:51,06/19/2026 19:07:22,10
35325,402,0,38245.35,0,44998,1,06/13/2026 10:55:36,06/19/2026 19:07:22,1
43281,402,20000,27952.5,0,0,0,04/25/2026 13:47:30,06/19/2026 19:07:22,0
31630,402,23832,0,8200,0,2,06/17/2026 14:58:18,06/19/2026 19:07:22,13
23355,402,2500594.2,0,500,0,3,06/15/2026 23:47:29,06/19/2026 19:07:22,10
5706,402,84.5,0,87,0,4,06/19/2026 09:52:23,06/19/2026 19:07:22,20
5515,402,576.35297,633.3333,0,1225,11,06/19/2026 17:02:10,06/19/2026 19:07:22,10
5373,402,247.9375,304.75,300,500,20,06/19/2026 16:17:10,06/19/2026 19:07:22,18
5092,402,618.41174,733,490,900,13,06/17/2026 09:43:06,06/19/2026 19:07:22,17
8557,402,261657.44,149999.5,324989,325000,1,06/18/2026 17:33:40,06/19/2026 19:07:22,17
5446,402,12516.8,0,1,0,3,06/15/2026 14:38:21,06/19/2026 19:07:22,13
27675,402,4319.0835,7683.75,4570,13500,0,06/10/2026 19:57:21,06/19/2026 19:07:22,8
12,402,24,0,23,0,20,06/19/2026 05:33:02,06/19/2026 19:07:22,20
43313,402,16019.909,54537.668,0,49999,1,06/14/2026 08:36:43,06/19/2026 19:07:22,1
4197,402,7886.615,19643,0,0,3,06/16/2026 23:22:02,06/19/2026 19:07:22,0
5374,402,97.07143,141.33333,115,115,20,06/19/2026 07:57:11,06/19/2026 19:07:22,17
14835,402,55813.05,67992,79999,0,4,06/16/2026 20:22:30,06/19/2026 19:07:22,4
43236,402,45000,47564.895,0,60000,0,06/03/2026 19:39:52,06/19/2026 19:07:22,1
21793,402,928558.4,0,888888,0,8,06/18/2026 11:38:12,06/19/2026 19:07:22,6
13115,402,604937.4,0,604939,0,20,06/19/2026 18:40:48,06/19/2026 19:07:22,20
5704,402,41.25,0,29,0,8,06/16/2026 11:23:37,06/19/2026 19:07:22,15
6456,402,40723.55,0,0,0,0,05/23/2026 17:05:23,06/19/2026 19:07:22,0
11883,402,0,44918.6,60000,21000,0,06/03/2026 17:18:46,06/19/2026 19:07:22,3
35324,402,20000,18017.578,0,0,0,05/29/2026 00:49:01,06/19/2026 19:07:22,0
3162,402,88552056,21063.555,20000,30000,0,06/07/2026 08:23:31,06/19/2026 19:07:22,3
35464,402,28765.334,34130.117,29600,56000,0,12/24/2025 10:50:58,06/19/2026 19:07:22,2
4560,402,1608,275,0,0,7,06/17/2026 14:46:35,06/19/2026 19:07:22,0
19,402,120.15,0,60,0,20,06/18/2026 17:30:21,06/19/2026 19:07:22,20
42472,402,40000,68793.055,0,0,2,06/17/2026 12:42:42,06/19/2026 19:24:19,0
2319,402,7166.6665,16992.059,5000,18000,1,06/15/2026 13:23:08,06/19/2026 19:07:22,5
18668,402,0,22987.4,0,12000,1,06/13/2026 20:29:09,06/19/2026 19:07:22,5
12231,402,2654.8,3361.6,6696969,0,12,06/17/2026 17:20:22,06/19/2026 19:07:22,1
6772,402,19999,20000,0,0,0,09/01/2024 16:28:26,06/19/2026 19:07:22,0
6370,402,3424,0,3778,0,0,05/07/2026 11:44:06,06/19/2026 19:07:22,8
18105,402,38999.332,37035.41,36999,40000,4,06/16/2026 21:44:12,06/19/2026 19:07:22,2
4640,402,226.66667,354.7857,9,0,10,06/18/2026 02:35:52,06/19/2026 19:07:22,7
44005,402,32.55,0,10,0,20,06/19/2026 14:49:00,06/19/2026 19:27:40,20
2388,402,5404.385,18257.143,0,0,0,05/13/2026 15:30:09,06/19/2026 19:07:22,0
35455,402,0,21963.5,17500,24889,2,06/13/2026 15:16:58,06/19/2026 19:07:22,7
19873,402,62.25,0,89,0,11,06/17/2026 18:42:55,06/19/2026 19:07:22,9
2376,402,2106.75,11023.5,1983,0,1,06/13/2026 13:26:02,06/19/2026 19:07:22,2
31406,402,1601.2,0,7000,0,20,06/19/2026 07:03:04,06/19/2026 19:07:22,20
49244,402,0,4028.65,0,3994,20,06/19/2026 17:39:46,06/19/2026 19:07:22,20
12223,402,387.44446,286.72726,114,120,3,06/17/2026 14:37:33,06/19/2026 19:07:22,20
47194,402,0,410988.75,0,429845,9,06/19/2026 17:47:40,06/19/2026 19:39:18,8
43262,402,8262.286,52581.08,30000,20000,0,05/31/2026 14:12:45,06/19/2026 19:07:22,2
39684,402,77751.09,70102.11,40390,0,3,06/19/2026 11:01:48,06/19/2026 19:07:22,3
43299,402,40000,64468.156,0,0,1,06/12/2026 22:18:02,06/19/2026 19:07:22,0
12642,402,636.3,0,684,0,19,06/19/2026 17:06:19,06/19/2026 19:07:22,1
52268,402,66644.55,0,69000,0,20,06/19/2026 17:45:29,06/19/2026 19:49:21,20
42454,402,0,25903.9,0,3995,0,05/22/2026 21:55:39,06/19/2026 19:42:43,6
13709,402,2658.5,0,1071,0,20,06/18/2026 18:50:09,06/19/2026 19:07:24,20
4307,402,13581816,2743000.5,10000000,20000,3,06/16/2026 23:17:58,06/19/2026 19:07:24,2
10850,402,90000,86499.664,0,0,0,04/18/2025 15:51:04,06/19/2026 19:07:24,0
35465,402,64948,29537.445,0,56000,0,06/08/2026 23:34:25,06/19/2026 19:07:24,1
10524,402,16138.15,0,8096651,0,0,05/31/2026 11:54:20,06/19/2026 19:07:24,1
35375,402,0,20129,0,0,0,09/12/2025 17:49:44,06/19/2026 19:07:24,0
5067,402,193,180.66667,80,88,20,06/19/2026 14:43:00,06/19/2026 19:07:24,20
43243,402,0,46676.2,0,0,0,05/27/2026 20:57:37,06/19/2026 19:07:24,0
11877,402,8911.667,64785.125,4256,0,0,06/04/2026 13:51:20,06/19/2026 19:07:24,6
3275,402,510286,2446.6667,0,0,0,06/08/2026 07:13:04,06/19/2026 19:07:24,0
47186,402,0,645810.6,0,500000,10,06/19/2026 17:47:32,06/19/2026 19:39:10,11
5691,402,230.8,0,85,0,5,06/18/2026 18:41:32,06/19/2026 19:07:24,20
4682,402,452.66666,2104.9092,300,6999,2,06/16/2026 05:31:41,06/19/2026 19:07:24,5
11915,402,13964.934,22098.6,3000,80000,1,06/14/2026 11:24:25,06/19/2026 19:07:24,7
18237,402,19999,19094.422,0,34400,1,06/17/2026 12:36:14,06/19/2026 19:07:24,1
12586,402,25004.85,0,8,0,6,06/17/2026 03:47:13,06/19/2026 19:07:24,20
4431,402,4333.3335,8063.706,4500,4500,3,06/15/2026 06:07:28,06/19/2026 19:07:24,20
21936,402,1735.3684,1874,1881,0,7,06/19/2026 13:12:40,06/19/2026 19:07:24,15
17326,402,50000,145558.72,0,0,0,11/08/2024 23:48:22,06/19/2026 19:07:24,0
5402,402,102.85,0,30,0,14,06/18/2026 22:42:28,06/19/2026 19:07:24,4
18692,402,0,20160.05,0,10000,6,06/18/2026 18:30:47,06/19/2026 19:07:24,6
20680,402,2503.05,0,3690,0,0,06/12/2026 15:45:18,06/19/2026 19:07:24,20
12656,402,25294.65,0,20000,0,0,06/11/2026 08:23:51,06/19/2026 19:07:24,7
45994,402,223.6,0,9,0,0,05/25/2026 06:54:24,06/19/2026 19:07:24,5
43317,402,0,76197.45,0,83000,3,06/16/2026 14:55:50,06/19/2026 19:07:24,3
6141,402,345.2857,247.6923,404,2985,20,06/19/2026 15:35:09,06/19/2026 19:07:24,9
5084,402,361.54544,381.55554,200,0,5,06/18/2026 16:06:00,06/19/2026 19:07:24,6
30757,402,32137.334,18902,35978,0,9,06/18/2026 11:06:27,06/19/2026 19:07:24,18
18358,402,0,3060.25,0,3998,0,06/11/2026 07:33:59,06/19/2026 19:07:24,8
25682,402,0,38250.25,0,59999,0,06/11/2026 21:14:07,06/19/2026 19:07:24,3
11880,402,1212.4,5291.2,998,5995,0,06/01/2026 00:17:51,06/19/2026 19:07:24,14
5721,402,257.75,0,334,0,20,06/19/2026 01:06:01,06/19/2026 19:07:24,5
18704,402,0,8555.65,0,27500,0,06/10/2026 14:19:58,06/19/2026 19:07:24,8
4501,402,9500,10416.556,0,8000,0,06/01/2026 22:33:29,06/19/2026 19:07:24,1
2338,402,29999.5,32635.723,0,0,0,04/17/2026 06:54:45,06/19/2026 19:07:24,0
5503,402,60.533333,59.2,80,0,4,06/16/2026 22:51:06,06/19/2026 19:07:24,2
7026,402,1223,1531.6,1799,1700,4,06/14/2026 17:41:24,06/19/2026 19:07:24,18
35420,402,15000.5,86231.055,0,79999,0,06/09/2026 09:24:29,06/19/2026 19:07:24,1
52267,402,154673.84,0,200000,0,20,06/19/2026 19:55:38,06/19/2026 21:00:30,20
4857,402,41.666668,65.181816,11,89,5,06/15/2026 20:29:54,06/19/2026 19:07:24,10
31972,402,446.75,0,300,0,9,06/16/2026 13:47:46,06/19/2026 19:07:24,9
3881,402,11568.375,17867,0,14994,0,06/07/2026 10:18:43,06/19/2026 19:07:24,5
13713,402,1014.05,0,1000,0,20,06/19/2026 14:24:07,06/19/2026 19:07:24,20
2481,402,19303.385,1102.7142,130,105,0,06/08/2026 16:04:55,06/19/2026 19:07:24,11
44001,402,1429.2222,1894.5,1995,2790,20,06/19/2026 17:03:22,06/19/2026 19:07:24,6
12635,402,963.35,0,850,0,20,06/18/2026 20:07:00,06/19/2026 19:07:24,20
19522,402,7871.875,25415.75,9999,0,1,06/15/2026 20:31:39,06/19/2026 19:07:24,2
46246,402,1631.75,0,1278,0,20,06/19/2026 18:36:56,06/19/2026 19:07:24,20
5716,402,280.75,0,678,0,20,06/18/2026 09:52:14,06/19/2026 19:07:24,9
35331,402,0,52926.1,0,58999,0,05/28/2026 15:58:56,06/19/2026 19:07:24,6
47174,402,0,917093.4,0,930128,14,06/18/2026 16:59:02,06/19/2026 19:39:18,3
35439,402,30000,68162.31,69744,69745,1,06/12/2026 22:18:57,06/19/2026 19:07:24,5
21064,402,907.9,0,1038,0,9,06/18/2026 22:44:53,06/19/2026 19:07:24,5
43254,402,0,45719.25,30900,150000,0,05/16/2026 04:55:16,06/19/2026 19:07:26,3
14940,402,26273.75,0,19999,0,3,06/17/2026 01:57:49,06/19/2026 19:07:26,8
18018,402,2132.25,0,700,0,20,06/17/2026 07:40:55,06/19/2026 19:07:26,9
5300,402,193,0,195,0,20,06/19/2026 16:37:16,06/19/2026 19:07:26,3
10032,402,267039.84,0,4999,0,20,06/19/2026 09:42:46,06/19/2026 19:07:26,14
13712,402,261,0,1199,0,20,06/18/2026 11:53:45,06/19/2026 19:07:26,12
4313,402,5860.7,16369.5,0,0,0,05/23/2026 22:34:10,06/19/2026 19:07:26,0
27285,402,595.8,0,1450,0,6,06/15/2026 05:21:15,06/19/2026 19:07:26,13
52255,402,8149.65,0,6986,0,20,06/19/2026 17:45:15,06/19/2026 19:07:26,20
27942,402,701.95,0,3300,0,2,06/17/2026 06:27:55,06/19/2026 19:07:26,6
11960,402,0,14811.25,0,7141,8,06/18/2026 14:06:16,06/19/2026 19:07:26,4
19730,402,10000,43226.473,40179,44196,0,06/08/2026 16:30:16,06/19/2026 19:07:26,3
5695,402,324.2,0,175,0,13,06/18/2026 20:00:08,06/19/2026 19:07:26,20
35410,402,0,38377.95,0,49999,3,06/15/2026 20:05:13,06/19/2026 19:07:26,2
19745,402,0,26930.25,0,39999,0,05/29/2026 15:46:53,06/19/2026 19:07:26,3
4721,402,352,416.33334,5,0,0,06/04/2026 10:44:12,06/19/2026 19:13:31,12
2588,402,52.3,0,209,0,0,06/04/2026 18:34:15,06/19/2026 19:07:26,3
4570,402,1520.85,0,1198,0,20,06/19/2026 10:27:20,06/19/2026 19:07:26,20
35356,402,0,35309.3,0,0,0,05/28/2026 12:01:26,06/19/2026 19:07:26,0
43310,402,40585.285,60606.54,0,59995,0,06/07/2026 16:14:31,06/19/2026 19:07:26,4
4308,402,11445,15325.056,0,19990,1,06/13/2026 20:47:33,06/19/2026 19:07:26,2
4770,402,76.55,0,90,0,6,06/14/2026 00:22:34,06/19/2026 19:07:26,4
11920,402,16500,13747,0,8000,1,06/14/2026 14:28:10,06/19/2026 19:07:26,2
41757,402,223.25,0,289,0,20,06/18/2026 21:57:43,06/19/2026 19:07:26,20
5393,402,274.6,0,150,0,20,06/18/2026 21:15:17,06/19/2026 19:07:26,15
2816,402,7825.2,17696.666,1042,3600,0,05/25/2026 23:39:44,06/19/2026 19:07:26,7
43304,402,39999,51865.527,26390,55000,0,06/04/2026 22:29:12,06/19/2026 19:07:26,2
4440,402,500,8234.25,0,10017,0,06/10/2026 15:57:20,06/19/2026 19:07:26,5
45006,402,7834.6,0,9000,0,14,06/18/2026 18:09:35,06/19/2026 19:07:26,20
2593,402,289.7,0,108,0,0,05/30/2026 10:24:40,06/19/2026 19:07:26,3
5079,402,2190.4546,3046.3333,1897,7999,16,06/19/2026 18:24:14,06/19/2026 19:07:26,16
20478,402,22902.7,0,23939,0,2,06/17/2026 09:31:14,06/19/2026 19:07:26,7
18411,402,0,4990.3,0,3263,0,06/08/2026 16:13:46,06/19/2026 19:07:26,5
30264,402,246294,0,250000,0,0,04/30/2026 21:58:11,06/19/2026 19:07:26,1
35336,402,0,17027.4,0,14894,0,06/10/2026 17:59:48,06/19/2026 19:07:26,6
36717,402,40000,84399.39,0,0,0,08/10/2025 23:26:53,06/19/2026 19:07:26,0
2332,402,458.41666,7232,49,2555,0,06/07/2026 17:42:21,06/19/2026 19:07:26,10
43296,402,59116.25,71386.375,0,0,0,05/28/2026 02:23:21,06/19/2026 19:07:26,0
24639,402,121.2,0,150,0,8,06/19/2026 01:27:00,06/19/2026 19:07:26,9
18049,402,0,28879.7,0,0,4,06/18/2026 02:40:57,06/19/2026 19:07:26,0
35359,402,27000,49343.293,0,0,0,04/20/2026 16:19:39,06/19/2026 19:07:26,0
2366,402,8791.65,0,0,0,0,04/26/2026 12:42:52,06/19/2026 19:07:26,0
6369,402,2278.2,0,1996,0,0,05/21/2026 00:18:38,06/19/2026 19:07:26,8
5712,402,181.3,0,166,0,9,06/19/2026 09:52:46,06/19/2026 19:07:26,18
35426,402,30000,51822.316,0,0,0,06/03/2026 09:23:52,06/19/2026 19:07:26,0
2494,402,440.69232,1541.7142,0,0,6,06/18/2026 11:59:00,06/19/2026 19:07:26,0
35342,402,75000,43604.74,0,35000,0,04/07/2026 18:05:22,06/19/2026 19:07:26,1
20713,402,6013.1,0,4594,0,1,06/16/2026 08:26:19,06/19/2026 19:07:26,10
15925,402,66835.25,0,99992,100000,4,06/19/2026 13:33:41,06/19/2026 19:07:26,10
43203,402,0,30078.45,0,0,0,06/07/2026 17:41:05,06/19/2026 19:07:26,0
25189,402,127.45,0,1,0,9,06/18/2026 18:41:41,06/19/2026 19:07:26,20
43311,402,13829.182,61442.223,0,69994,0,06/06/2026 01:57:49,06/19/2026 19:07:29,2
43857,402,885.8,0,499,0,1,06/17/2026 23:08:06,06/19/2026 19:07:29,16
2560,402,3874.8,19208.8,0,0,1,06/13/2026 20:50:52,06/19/2026 19:07:29,0
43247,402,22660,56041.41,0,35000,0,06/01/2026 23:08:14,06/19/2026 19:07:29,5
35460,402,14068.308,29205.143,62900,500000,1,06/14/2026 10:58:06,06/19/2026 19:07:29,3
47175,402,0,889806.25,170000,910610,9,06/18/2026 16:58:40,06/19/2026 19:40:23,4
4904,402,656.9,0,1200,0,3,06/18/2026 19:38:02,06/19/2026 19:07:29,4
44038,402,693.8,0,235,0,0,06/05/2026 23:38:06,06/19/2026 19:07:29,13
2364,402,9166.333,30175.354,0,30000,1,06/12/2026 22:24:58,06/19/2026 19:07:29,2
35355,402,30710,40209.95,0,0,0,06/09/2026 14:12:05,06/19/2026 19:07:29,0
33938,402,236.35,0,304,0,15,06/18/2026 18:48:23,06/19/2026 19:29:48,20
25997,402,0,52864.85,0,0,2,06/16/2026 23:35:23,06/19/2026 19:07:29,0
12655,402,232483.2,0,249999,0,0,06/09/2026 21:56:15,06/19/2026 19:07:29,1
18020,402,1179.2,0,648,0,20,06/15/2026 23:41:32,06/19/2026 19:07:29,13
43224,402,12554.5,46074.445,0,0,1,06/14/2026 11:32:01,06/19/2026 19:07:29,0
19626,402,22194,41665.734,0,41499,4,06/17/2026 20:02:25,06/19/2026 19:07:29,2
37484,402,20089.45,0,28980,0,7,06/16/2026 23:57:24,06/19/2026 19:07:29,11
47196,402,0,292447.5,0,482000,12,06/19/2026 17:47:46,06/19/2026 19:39:23,7
3539,402,4762.3076,18071.428,1995,19995,0,06/11/2026 06:15:19,06/19/2026 19:07:29,4
25707,402,34999,19467.736,19999,26995,11,06/18/2026 23:49:14,06/19/2026 19:07:29,5
41764,402,2910.6,0,5381,0,20,06/19/2026 13:01:22,06/19/2026 19:07:29,16
43346,402,56243.715,116538.46,0,0,0,06/05/2026 21:06:05,06/19/2026 19:07:29,0
31996,402,29.6,0,46,0,16,06/16/2026 19:15:27,06/19/2026 19:07:29,10
19933,402,325.95,0,45,0,12,06/19/2026 10:25:22,06/19/2026 19:07:29,20
44036,402,349.5,0,550,0,1,06/13/2026 23:31:29,06/19/2026 19:07:29,6
2337,402,10999,20531.945,0,40000,0,03/30/2026 14:24:17,06/19/2026 19:07:29,1
35353,402,34078.25,46035.375,0,35001,0,03/10/2026 17:21:35,06/19/2026 19:07:29,1
19656,402,0,39288.45,0,70000,0,05/27/2026 22:07:55,06/19/2026 19:07:29,1
3014,402,717.6,2910.1,1006,8990,2,06/18/2026 18:35:28,06/19/2026 19:07:29,16
27691,402,407.11765,696.3333,799,749,20,06/19/2026 01:47:48,06/19/2026 19:07:29,3
23000,402,545.2,0,800,0,3,06/19/2026 13:07:38,06/19/2026 19:07:29,13
27941,402,48194.55,0,30000,499999,13,06/19/2026 02:51:24,06/19/2026 19:07:29,10
25195,402,8723.15,0,3997,0,9,06/16/2026 14:42:15,06/19/2026 19:07:29,18
42459,402,0,63949,0,64000,0,05/24/2026 10:05:27,06/19/2026 19:24:19,1
5094,402,1459.375,1643.3334,999,949,20,06/18/2026 23:21:08,06/19/2026 19:07:29,12
19653,402,37812.5,36162.277,0,0,1,06/16/2026 13:45:29,06/19/2026 19:07:29,0
14,402,111.3,0,14,0,20,06/19/2026 09:38:32,06/19/2026 19:07:29,20
13,402,61.8,0,60,0,20,06/19/2026 15:50:13,06/19/2026 19:07:29,20
5188,402,1.5333333,5.8,4,3,0,06/11/2026 00:12:23,06/19/2026 19:07:29,10
5711,402,83.1,0,86,0,7,06/19/2026 09:52:53,06/19/2026 19:07:29,20
43338,402,0,79794.35,0,45000,0,06/03/2026 05:02:41,06/19/2026 19:07:29,3
17330,402,126756.336,146149.36,0,0,0,08/02/2025 11:04:30,06/19/2026 19:07:29,0
5524,402,217.45,0,600,0,20,06/19/2026 16:37:05,06/19/2026 19:07:29,20
5276,402,398.73334,457.8,394,999,20,06/19/2026 16:48:54,06/19/2026 19:07:29,6
43319,402,73052.336,80578.12,0,90000,0,06/07/2026 12:36:45,06/19/2026 19:07:29,1
43996,402,103.6,0,185,0,20,06/19/2026 16:55:21,06/19/2026 19:07:29,14
5091,402,91.94118,1082.6666,12,100,9,06/19/2026 16:18:54,06/19/2026 19:07:29,9
18098,402,46995,31690.53,0,0,0,06/05/2026 23:02:06,06/19/2026 19:07:29,0
27358,402,100000,56591.844,0,0,1,06/13/2026 18:28:24,06/19/2026 19:07:29,0
35354,402,0,28240.15,0,0,0,05/20/2026 11:55:30,06/19/2026 19:07:29,0
43315,402,42629.332,67472.94,0,90000,1,06/16/2026 14:54:48,06/19/2026 19:07:29,3
43297,402,0,64535.25,0,0,0,06/08/2026 19:25:00,06/19/2026 19:07:29,0
20716,402,8205.55,0,2988,0,4,06/18/2026 16:06:14,06/19/2026 19:07:29,6
21800,402,198.9,0,198,0,20,06/19/2026 14:37:36,06/19/2026 19:07:29,20
17837,402,189.6,0,496,0,0,06/11/2026 18:58:58,06/19/2026 19:07:31,9
38598,402,18062.05,0,16950,0,0,06/10/2026 16:12:00,06/19/2026 19:07:31,16
13114,402,546344.44,0,549486,0,20,06/19/2026 18:40:42,06/19/2026 19:07:31,20
35409,402,0,58498.35,0,56998,2,06/13/2026 11:25:14,06/19/2026 19:07:31,3
33927,402,2717.25,0,1460,0,7,06/14/2026 20:15:20,06/19/2026 19:29:48,20
5348,402,759.65,0,560,0,18,06/18/2026 03:30:31,06/19/2026 19:07:31,10
41772,402,1439.8,0,1388,0,20,06/19/2026 15:15:33,06/19/2026 19:07:31,20
35432,402,50000,58095.633,0,75000,0,05/18/2026 20:15:52,06/19/2026 19:07:31,1
24001,402,227.15,0,319,0,6,06/18/2026 22:47:46,06/19/2026 19:07:31,11
35449,402,0,29670.65,0,0,0,06/07/2026 13:40:56,06/19/2026 19:07:31,0
43227,402,30000,44844.316,0,0,0,06/07/2026 22:33:00,06/19/2026 19:07:31,0
43235,402,42851.832,84592.86,52000,0,0,06/06/2026 18:37:16,06/19/2026 19:07:31,2
3303,402,26127.65,0,27000,0,4,06/16/2026 23:15:23,06/19/2026 19:07:31,1
1889,402,61998.65,0,400000,0,1,06/13/2026 13:02:39,06/19/2026 19:07:31,3
19985,402,199.5,0,9,0,20,06/17/2026 22:45:26,06/19/2026 19:07:31,17
2582,402,9939.8,44214.066,0,0,0,05/27/2026 12:52:46,06/19/2026 19:07:31,0
25684,402,0,41706.4,0,57500,1,06/16/2026 17:36:38,06/19/2026 19:07:31,2
21203,402,1218.45,0,986,0,2,06/15/2026 20:01:22,06/19/2026 19:07:31,20
11995,402,67948,33173.367,0,67944,3,06/17/2026 23:51:11,06/19/2026 19:07:31,2
16678,402,45122.375,77158.75,29500,0,1,06/13/2026 21:47:55,06/19/2026 19:07:31,2
11921,402,5000,10441.895,0,15000,0,05/23/2026 17:57:08,06/19/2026 19:07:31,5
13716,402,9071.6,0,17499,0,20,06/19/2026 03:51:58,06/19/2026 19:07:31,16
43259,402,0,29566.3,0,50000,0,04/07/2026 15:09:12,06/19/2026 19:07:31,1
43271,402,40000,42161.26,0,0,0,04/19/2026 14:04:44,06/19/2026 19:42:43,0
28591,402,33175.25,0,35984,0,9,06/19/2026 15:57:12,06/19/2026 19:07:31,14
41769,402,601.2,0,448,0,20,06/19/2026 11:51:43,06/19/2026 19:07:31,20
6214,402,276.4,0,443,0,15,06/19/2026 00:25:44,06/19/2026 19:07:31,20
43306,402,69390,68236.055,0,70000,2,06/13/2026 20:56:44,06/19/2026 19:08:56,1
25702,402,48999,37366.94,26999,36995,1,06/17/2026 21:22:04,06/19/2026 19:07:31,3
20718,402,1882.85,0,2163,0,13,06/18/2026 18:54:28,06/19/2026 19:07:31,16
18549,402,0,11434,0,0,0,06/09/2026 13:10:32,06/19/2026 19:07:31,0
5720,402,86.85,0,68,0,12,06/17/2026 18:09:08,06/19/2026 19:07:31,20
43298,402,29500,74504.164,0,0,0,06/03/2026 07:14:50,06/19/2026 19:08:56,0
31969,402,307.3,0,100,0,6,06/17/2026 20:58:19,06/19/2026 19:07:31,20
35321,402,0,43722.35,0,0,0,06/11/2026 18:57:00,06/19/2026 19:07:31,0
52256,402,11220.2,0,10993,0,20,06/19/2026 17:39:52,06/19/2026 19:07:31,20
30448,402,0,191927.34,0,200000,2,06/16/2026 18:04:37,06/19/2026 19:07:31,10
12544,402,13.272727,16.444445,8,10,14,06/18/2026 20:36:37,06/19/2026 19:07:31,20
11923,402,3430.5,14840.375,4998,50000,0,06/06/2026 22:38:40,06/19/2026 19:07:31,7
33926,402,9575.8,0,9997,0,20,06/19/2026 19:21:58,06/19/2026 19:29:48,20
23892,402,32240.75,0,37000,0,20,06/19/2026 16:14:32,06/19/2026 19:07:31,20
2391,402,2782.75,0,0,0,0,04/29/2026 23:12:33,06/19/2026 19:07:31,0
35378,402,36055.5,51659,0,44000,0,05/25/2026 18:59:29,06/19/2026 19:07:31,6
5703,402,819.15,0,219,0,7,06/14/2026 00:47:59,06/19/2026 19:07:31,17
4650,402,47608.65,391.66666,473,499,18,06/18/2026 22:08:52,06/19/2026 19:07:31,20
43246,402,7000,46581.473,0,55000,0,01/11/2026 01:34:30,06/19/2026 19:07:31,1
43251,402,12829.375,43648.25,0,75000,0,05/24/2026 09:53:02,06/19/2026 19:07:31,1
26737,402,455.65,0,467,0,6,06/17/2026 17:00:41,06/19/2026 19:07:31,7
44006,402,125.2,0,185,0,20,06/19/2026 18:26:02,06/19/2026 19:07:31,18
43270,402,49999,68719.63,0,0,0,06/11/2026 21:51:24,06/19/2026 19:07:31,0
28621,402,3444.6,0,4000,0,6,06/18/2026 22:48:52,06/19/2026 19:07:31,14
27191,402,0,64999.95,0,0,1,06/18/2026 12:58:24,06/19/2026 19:07:31,0
2314,402,504740.2,0,0,0,0,05/06/2026 22:29:09,06/19/2026 19:07:31,0
10386,402,498,0,480,0,17,06/18/2026 22:33:28,06/19/2026 19:07:31,14
31987,402,177.85,0,95,0,17,06/19/2026 09:29:26,06/19/2026 19:07:31,20
26735,402,272.7,0,5650,0,7,06/13/2026 16:43:54,06/19/2026 19:07:32,3
2670,402,2232.7144,14450.308,0,29888,2,06/17/2026 01:23:00,06/19/2026 19:07:32,1
47187,402,0,654429.9,0,821849,9,06/19/2026 17:47:35,06/19/2026 19:39:10,11
18374,402,0,25032.25,0,0,1,06/13/2026 20:55:55,06/19/2026 19:07:32,0
35387,402,0,22808.55,0,0,0,03/14/2026 07:53:05,06/19/2026 19:07:32,0
41768,402,246.5,0,292,0,20,06/18/2026 21:56:37,06/19/2026 19:07:32,20
10,402,66.65,0,68,0,20,06/19/2026 18:12:47,06/19/2026 19:07:32,20
3309,402,12571566,11482.182,70000,15000,3,06/15/2026 05:41:44,06/19/2026 19:07:32,6
28907,402,6982.4,0,9973,0,0,06/07/2026 21:24:38,06/19/2026 19:07:32,5
43324,402,40000,38567.527,0,44325,3,06/16/2026 21:31:13,06/19/2026 19:07:32,1
43287,402,22500,37976.777,0,0,2,06/16/2026 20:59:43,06/19/2026 19:08:56,0
20698,402,2047.35,0,2193,0,9,06/18/2026 03:32:17,06/19/2026 19:07:32,8
18711,402,0,20818.45,0,18000,1,06/14/2026 21:45:16,06/19/2026 19:07:32,3
19997,402,8200.177,9998,7000,0,20,06/19/2026 11:56:28,06/19/2026 19:07:32,3
35459,402,0,32099,0,33000,0,06/08/2026 14:07:42,06/19/2026 19:07:32,1
8010,402,14855.4,0,19880,0,0,05/28/2026 20:00:08,06/19/2026 19:07:32,2
21059,402,63.9,0,90,0,5,06/15/2026 21:03:23,06/19/2026 19:07:32,13
3324,402,12056.2,1358667.5,0,12000,1,06/19/2026 07:21:07,06/19/2026 19:07:32,1
43294,402,35000,65839.42,0,64995,1,06/16/2026 18:22:12,06/19/2026 19:07:32,3
7022,402,2045.9,1704.9,1490,1780,13,06/17/2026 21:25:38,06/19/2026 19:07:32,20
14158,402,98.44444,586.9091,493,168,0,05/24/2026 21:00:10,06/19/2026 19:07:32,15
43557,402,16026.8,0,19899,0,20,06/19/2026 14:01:03,06/19/2026 19:07:32,20
2389,402,9048,40789.668,0,0,0,05/26/2026 18:31:39,06/19/2026 19:07:32,0
35357,402,34999,38794.74,0,0,1,06/13/2026 10:48:23,06/19/2026 19:07:32,0
4332,402,8971.5,28420,0,24800,2,06/19/2026 09:57:09,06/19/2026 19:07:32,4
18359,402,0,11885.95,0,0,0,06/01/2026 22:44:51,06/19/2026 19:07:32,0
12229,402,208.3,0,498,0,0,06/08/2026 11:05:41,06/19/2026 19:07:32,20
2467,402,9122,0,25000,0,0,05/25/2026 14:38:36,06/19/2026 19:07:32,1
4152,402,5500,10259.789,0,15800,0,05/27/2026 15:14:53,06/19/2026 19:07:32,6
20728,402,18159.15,0,19998,0,0,06/02/2026 15:58:27,06/19/2026 19:07:32,15
52449,402,1626.2,0,1890,0,20,06/19/2026 16:15:47,06/19/2026 19:07:32,18
43300,402,0,75649.9,0,80000,0,06/09/2026 23:01:13,06/19/2026 19:07:32,1
34139,402,24500,29850.111,0,0,1,06/14/2026 11:55:20,06/19/2026 19:07:32,0
