{
  "Author": "Ottermandias, Adam, Wintermute",
  "Name": "Penumbra",
  "InternalName": "Penumbra",
  "AssemblyVersion": "1.3.6.7",
  "Description": "Runtime mod loader and manager.",
  "ApplicableVersion": "any",
  "RepoUrl": "https://github.com/xivdev/Penumbra",
  "Tags": [
    "modding"
  ],
  "DalamudApiLevel": 12,
  "LoadRequiredState": 2,
  "LoadSync": true,
  "CanUnloadAsync": false,
  "LoadPriority": 69420,
  "IconUrl": "https://raw.githubusercontent.com/xivdev/Penumbra/master/images/icon.png",
  "Punchline": "Runtime mod loader and manager.",
  "AcceptsFeedback": true
}